smiles,Label
c12c(OC[C@@H](CNC(C)C)O)cccc1cccc2,1
O=C4CCc3cc(C(O)CN2CCC(O)(c1cccc(F)c1)CC2)ccc3N4,1
C(c1ccccc1)(c1ccccc1)(C[C@@H](N(C)C)C)C(CC)=O,1
O=C(CC)C(CC([N+](C)C)C)(c1ccccc1)c1ccccc1,1
[nH]1c2ccccc2c(c1c1ccccc1)C1C[N+](C)CCC1,1
O=C(CCN1CCCCC1)Nc5ccc(CN4CCC(NC(=O)c3cc(=O)c2ccc(F)cc2o3)CC4)cc5F,1
COc2c(C(C)=O)c(O)c(OCc1ccc(Br)cc1)c3occc23,1
O=C1NCCCN1C(C(=O)NC(Cc1ccccc1)CC(O)C(NC(=O)COc1c(C)cccc1C)Cc1ccccc1)C(C)C,1
Cc1cccc(C)c1OCC(=O)N[C@@H](Cc2ccccc2)[C@@H](O)C[C@H](Cc3ccccc3)NC(=O)C(C(C)C)N4CCCNC4=O,1
O=C1CSC(=O)N1CCCOc5ccc(CN4CCC(NC(=O)c3cc(=O)c2ccc(F)cc2o3)CC4)cc5F,1
COc4ccc(CN3CCC(NC(=O)c2cc(=O)c1ccc(F)cc1o2)CC3)cc4F,1
s1c[nH0]cc1COC(=O)N[C@@H](Cc1ccccc1)[C@@H](O)C[C@@H](NC(=O)[C@@H](NC(=O)N(C)Cc1[nH0]c(sc1)C(C)C)C(C)C)Cc1ccccc1,1
O=C1N(CCC1[N+]Cc1[nH0](c[nH0]c1)Cc1ccc(C#N)cc1)c1cccc2[nH0]cccc21,1
Fc1ccc2c([nH]c(c2C2C[N+]CC[C@H](F)2)C(=O)OC)c1,1
[H][C@@]14CCCC[C@]1([H])CN(C[C@@H](O)[C@H](CSc2ccccc2)NC(=O)c3cccc(O)c3C)[C@H](C(=O)NC(C)(C)C)C4,1
CNCCCC24CCC(c1ccccc12)c3ccccc34,1
Clc1ccc(cc1)/C=C/1c2cc(Cl)ccc2c2c1cc(Cl)cc2C(O)C[N+](CCCC)CCCC,1
CCN(CC)Cc4ccc3CC([N@]2CCN(CCc1ccc(F)cc1)CC2=O)CCc3c4,1
CCN(CC)Cc4ccc3CC([N@]2CCN(CCc1ccc(F)cc1)CC2=O)CCc3c4,1
CN[C@H]1CC[C@H](C2=CC=CC=C12)C3=CC(=C(C=C3)Cl)Cl,1
CC(C)N(CCC(C(=O)N)(c1ccccc1)c2ccccn2)C(C)C,1
N1(c2c(Sc3c1cccc3)ccc(c2)Cl)CCCN(C)C,1
Cn2c(NCCN(CCO)CCCc1ccc(N(=O)=O)cc1)cc(=O)n(C)c2=O,1
CCN(CC)C(=O)c4ccc(C2=CC1(CCNCC1)Oc3ccccc23)cc4,1
S(C)c1[nH0]cccc1C(=O)N1CCC([N+]Cc2[nH0](c[nH0]c2)Cc2ccc(C#N)cc2)C1=O,1
C(C(C1CCCCC1)C2CCCCC2)C3CCCCN3,1
n1(c(nc(c1CO)Cl)CCCC)Cc1ccc(c2c(c3nnn[nH]3)cccc2)cc1,1
Clc1[nH0]c([nH0](Cc2ccc(cc2)c2ccccc2c2[nH0][nH0][nH0-][nH0]2)c1CO)CCCC,1
Clc1cc(c(OCC)cc1N)C(=O)NCC1OCC[N+](C1)Cc1ccc(F)cc1,1
CN(C(=O)c2ccc(c1ccc(F)cc1)cc2)[C@H]5CCc4cc(CN3CCNC(=O)C3)ccc4C5,1
COC1(CCC23CC1C(C)(O)C(C)(C)C)C4Oc5c6c(CC3N(CC7CC7)CCC462)ccc5O,1
c12[C@]34[C@@]56[C@H]([N@@](CC7CC7)CC4)Cc2ccc(c1O[C@@H]3[C@](OC)([C@H](C5)[C@](C(C)(C)C)(C)O)CC6)O,1
Oc1ccc2CC3[N+](CCC45c2c1OC4C1(OC)CCC35CC1C(O)(C)C(C)(C)C)CC1CC1,1
O(C)c1ccc(cc1OC)Cc1[nH0]ccc2cc(OC)c(OC)cc21,1
 C([C@@H]1[C@@H]2[N@@]([C@@H](C[C@@H]1OC(c1ccccc1)=O)CC2)C)(OC)=O,1
O=C1N(CCC1[N+]Cc1[nH0](c[nH0]c1)Cc1ccc(C#N)cc1)Cc1ccccc1,1
Fc1ccc([nH0]2cc(c3ccccc23)[C@H](CC[N+](CC2)CCN3CCNC3=O)2)cc1,1
[nH]1c2ccccc2c(c1c1ccccc1)C1[N+](C)CCCC1,1
Fc1ccc2[nH]c(c3ccccc3)c(c2c1)C1C[N+]CCC1F,1
Clc1ccc2[nH]c(c3ccccc3)c(c2c1)C1C[N+]CCC1F,1
CN(C(=O)c2ccc(c1ccc(F)cc1)cc2)[C@H]5CCc4cc(CN3CCN(C(N)=O)CC3)ccc4C5,1
C(C)S(=O)(=O)[N@@](C)[C@@H]1[C@H](C(Oc2c1cc(cc2)C#N)(C)C)O,1
S1C(NN=C([C@@H]1C)c1cc2c(N(CCC2)\C(c2cc(c(cc2)OC)OC)=N\CC)cc1)=O,1
S1C(NN=C([C@@H]1C)c1cc2c(N(CCC2)\C(c2cc(c(cc2)OC)OC)=N\CC)cc1)=O,1
[S+2]([O-])([O-])(C[N+]C1c2cc(ccc2OC(C)(C)C1O)C[N+])CC,1
ClC=1C=NNC(=O)C=1NCCC[N+](C)CCc1ccc(OC)c(OC)c1,1
S1C(=O)NN=C(c2ccc3N(CCCc3c2)C(=NCC)c2ccc(OC)c(OC)c2)C1C,1
CN(C)C(=N)c3ccc(C(=O)Nc1ccc(Cl)cc1C(=O)Nc2ccc(Cl)cn2)c(N(C)CCCC(=O)O)c3,1
[H]c4c(Nc2ncnn3cc(c1nnc(C)o1)c(C(C)C)c23)cnc5[nH]c(C)cc45,1
[H][C@@]3(c1ccccc1)C=C(c2cc(F)ccc2F)CN3C(=O)[C@@H](N)C4CC4,1
CCN(CC)C(=O)c1ccccc1C3=CC2(CCNCC2)Oc4ccccc34,1
CCOC(=O)N1CCC(=C2C3=C(CCC4=C2N=CC=C4)C=C(C=C3)Cl)CC1,1
OC1CN2C3CC(CC2CC1C3)OC(=O)c4c[nH]c5ccccc45,1
Clc1ccc2[nH0](cc(c2c1)[C@H](CC[N+](CC1)CCN2CCNC2=S)1)c1ccc(F)cc1,1
s1c2Nc3ccccc3N=C(N3CC[N+](C)CC3)c2cc1C,1
s1c2Nc3ccccc3N=C(N3CC[N+](C)CC3)c2cc1C,1
Brc1c[nH0]cc(c1)C(=O)N1CCC([N+]Cc2[nH0](c[nH0]c2)Cc2ccc(C#N)cc2)C1=O,1
NC(=N)NOCCNC(=O)Cc1c(CC#N)ccc(NCC(F)(F)C2=CC=CC=N2)c1F,1
C1C2C[C@@H]3C[C@@H](C[C@@H]1[N@@]3CC2=O)OC(c1c2c(cccc2)[nH]c1)=O,1
Clc1cccc(c1)C(=O)N1CCC([N+]Cc2[nH0](c[nH0]c2)Cc2ccc(C#N)cc2)C1=O,1
S1c2ccccc2N=C(N2CC[N+](CC2)CCOCCO)c2ccccc12,1
S1c2ccccc2N=C(N2CC[N+](CC2)CCOCCO)c2ccccc12,1
OCCOCCN1CCN(CC1)C2=Nc3ccccc3Sc4ccccc24,1
S1c2ccccc2N=C(N2CC[N+](CC2)CCOCCO)c2ccccc12,1
O=C1C(C)=C(C/C=C(C)/CCCC(C)CCCC(C)CCCC(C)C)C(=O)c2ccccc12,1
[nH]1c2ccccc2c(c1c1ccccc1)C1CC[N+]CC1,1
 c12c(c(cc(n2)C(F)(F)F)[C@@H]([C@H]2CCCCN2)O)cccc1C(F)(F)F,1
CCCCNCC(O)c3cc(Cl)cc4c(=Cc1ccc(Cl)cc1)c2cc(Cl)ccc2c34,1
Clc1cc(c(OC)cc1N)C(=O)NCC[N+](CC)CC,1
COCCOCC#Cc5cc(c3n[nH]c4c2ccc(CN1CCN(C)CC1)cc2c(=O)c34)cs5,1
COc3ccc2c(=O)n(C)c(CN(C)C)c(c1ccccc1)c2c3,1
CN(C)Cc4ccc3C[C@@H](N(C)C(=O)c2ccc(c1ccc(F)cc1)cn2)CCc3c4,1
CN(C)CCC=C2c1ccccc1COc3ccccc23,1
CN(C)Cc4ccc3C[C@@H](N(C)C(=O)c2ccc(c1ccc(Cl)cc1)nc2)CCc3c4,1
CN1CCN(CC1)C2=C3C=CC=CC3=NC4=C(N2)C=C(C=C4)Cl,1
CCCN(CCC)CCC1=C2CC(=O)NC2=CC=C1,1
CC(O)c1cn(c2ccc(F)cc2)c3ccc(Cl)cc13,1
COc1ccccc1N3CCN(CCCCNS(=O)(=O)c2ccc(C)cc2)CC3,1
CN(C)C(=O)[C@@H]1CCCN1Cc5ccc4C[C@@H](N(C)C(=O)c3ccc(c2ccc(F)cc2)cc3)CCc4c5,1
COc2c(O)c(C(C)=O)c(OCc1ccc(Cl)cc1)c3ccoc23,1
O=C1N(C)c2[nH0]c[nH0](C)c2C(=O)N1C,1
[nH]1c2ccccc2c(c1c1ccccc1)C1C[N+]CCC1,1
c12c(n(c(=O)n(c1=O)C)C)ncn2C,1
Clc1cc(c(OCC)cc1N)C(=O)NCC1OCC[N+](C1)Cc1ccc(F)cc1,1
Cc3ccc(OC2CCN(CCS(=O)(=O)c1ccc(O)cc1)CC2)cc3,1
[H]N(C(=O)c2ccc(c1ccc(Cl)cc1)o2)c3ccc4c(c3)CCCN4C,1
CN(C)C(=N)c4ccc(C(=O)Nc2ccc(Sc1ccc(C(=O)O)cc1)cc2C(=O)Nc3ccc(Cl)cn3)cc4,1
c1c(Cl)ccc(c12)n(cc2[C@H](C)O)-c3ccc(F)cc3,1
CCC(O)COc1ccccc1C(=O)CCc2ccccc2,1
Clc1ccc2Nc3ccccc3C(=Nc2c1)N1CC[N+]CC1,1
Clc4ccc3[nH]c1ccccc1c(N2CCNCC2)nc3c4,1
C1(\c2c(cc(cc2)Cl)CCc2c1nccc2)=C1/CCNCC1,1
Clc1ccc2c(c1)CCc1ccc[nH0]c1C2=C1CC[N+]CC1,1
CC(C)(O)C(Cl)(Cl)Cl,1
C([C@@H]1[C@@H]2[N@@]([C@@H](C[C@@H]1OC(c1ccccc1)=O)CC2)C)(OC)=O,1
CC(=O)N5CCN(c4ccc(OCC3CO[C@@](Cn1ccnc1)(c2ccc(Cl)cc2Cl)O3)cc4)CC5,1
COC(C)(C)CCOc4ccc(CN3CCC(NC(=O)c2cc(=O)c1ccc(F)cc1o2)CC3)cc4,1
Cc4cc(C)n(c3cc(NC(=O)CC1CCN(C)CC1)nc(c2ccc(C)o2)n3)n4,1
Clc1cc(c2OCCc2c1N)C(=O)NC1CC[N+](CC1)CCCOC,1
Fc1ccc2c([nH]c(c3ccccc3)c2C2C[N+]CCC2F)c1,1
CC(=O)Nc3cccc(N2CCN(CCCCN(C)S(=O)(=O)CC1CCCCC1)CC2)c3,1
Cc4cc(C)n(c3cc(NC(=O)Cc1ccc(S(C)(=O)=O)cc1)nc(c2ccccn2)n3)n4,1
O=C2CN(CCc1ccc(F)cc1)CCN2C5CCc4cc(Cn3ccnc3)ccc4C5,1
CCOC(=O)C2[C@@H](OC(=O)c1ccccc1)C[C@H]3CCC2N3C,1
O=S(=O)(CCN2CCC(Cc1ccccc1)CC2)c3ccc(O)cc3,1
C1CCC2(C1)CC(=O)N(C(=O)C2)CCCCN3CCN(CC3)C4=NC=CC=N4,1
 CN(C)CCCC1(C2=C(CO1)C=C(C=C2)C#N)C3=CC=C(C=C3)F,1
CN(C)CCCN1C2=CC=CC=C2CCC3=C1C=C(C=C3)Cl,1
Nc4ccc(C(=O)N3CC2CC(CN(Cc1ccccc1)C2)C3)cc4,1
 c12[C@@](c3ccc(F)cc3)(OCc1cc(C#N)cc2)CCCN(C)C,1
Fc1ccc(cc1)C1(OCc2cc(C#N)ccc21)CCC[N+](C)C,1
FC(F)(F)COc1ccc(OCC(F)(F)F)c(c1)C(=O)NCC1[N+]CCCC1,1
FC(F)(F)COc1ccc(OCC(F)(F)F)c(c1)C(=O)NCC1[N+]CCCC1,1
CC(=N)N4CCC(Oc3ccc(N(Cc2ccc1ccc(C(=N)N)cc1c2)S(C)(=O)=O)cc3)CC4,1
 c1(c(ccc(c1)OCC(F)(F)F)OCC(F)(F)F)C(NC[C@@H]1CCCCN1)=O,1
c1(\C(CCCCOC)=N\OCCN)ccc(C(F)(F)F)cc1,1
FC(F)(F)c1ccc(cc1)C(=NOCC[N+])CCCCOC,1
CC(=O)Nc3cccc(N2CCN(CCCCNS(=O)(=O)CC1CCCCC1)CC2)c3,1
 c12c(nn(c1cccc2)C)C(NC1C[C@@H]2N(C)[C@@H](C1)CCC2)=O,1
c12c(nn(c1cccc2)C)C(NC1C[C@@H]2N(C)[C@@H](C1)CCC2)=O,1
c4ccc(C2(c1ccccc1)CC2C3=NCCN3)cc4,1
Cc3ccc(C[C@H]2CCN(CCS(=O)(=O)c1ccc(O)cc1)C[C@H]2O)cc3,1
c1([C@@](Cc2ccccc2)([C@@H](CNC)C)OC(CC)=O)ccccc1,1
Nc4ccc(C(=O)N3CC2CC(CN(Cc1ccccc1)C2)C3)cc4,1
O=C(OC(Cc1ccccc1)(c1ccccc1)C(C)C[N+]C)CC,1
C1N(Cc2ccccc2)C[C@@H]2CN(C[C@@H]1C2)C(c1ccc(cc1)N)=O,1
c1c(Cl)ccc(c12)n(cc2CC)-c3ccc(F)cc3,1
CN(C)CCCN1c2ccccc2CCc3ccccc13,1
 N1(c2c(CCc3c1cccc3)cccc2)CCCN(C)C,1
N1(c2c(CCc3c1cccc3)cccc2)CCCN(C)C,1
 c1(c2nc3c(n(C)nc3CCC)c([nH]2)=O)c(ccc(c1)S(N1CCN(C)CC1)(=O)=O)OCC,1
CCN(CC)Cc4ccc3CC([N@]2CCN(CCc1ccc(Cl)cc1)CC2=O)CCc3c4,1
CCN(CC)Cc4ccc3CC([N@]2CCN(CCC1CCCCC1)CC2=O)CCc3c4,1
CCN(CC)Cc4ccc3CC([N@]2CCN(CCc1ccc(Cl)cc1)CC2=O)CCc3c4,1
 c1cc2c(c3c(CCN(C3=O)Cc3c(nc[nH]3)C)n2C)cc1,1
O=C1N(CCc2[nH0](C)c3ccccc3c21)Cc1[nH]c[nH0]c1C,1
O=C1N(CCC1[N+]Cc1[nH0](c[nH0]c1)Cc1ccc(C#N)cc1)c1cc[nH0]cc1,1
CON=CCOc4ccc(CN3CCC(NC(=O)c2cc(=O)c1ccc(F)cc1o2)CC3)cc4F,1
CN4CCN3c1ccccc1Cc2ccccc2C3C4,1
CCc1cn(c2ccc(F)cc2)c3ccc(Cl)cc13,1
O(C)c1ccc(cc1OC)CC[N+]CCCC(C#N)(c1ccc(OC)c(OC)c1)C(C)C,1
[N+](C)CCCC12CCC(c3ccccc31)c1ccccc12,1
Clc1ccccc1C([nH0]1c[nH0]cc1)(c1ccccc1)c1ccccc1,1
 C(c1ccccc1)(c1ccccc1)OC1CCN(CCCC(c2ccc(C(C)(C)C)cc2)=O)CC1,1
C(c1c(cccc1)Cl)(n1ccnc1)(c1ccccc1)c1ccccc1,1
Fc1cccc2c1[nH]c(c1ccccc1)c2C1C[N+]CCC1F,1
CC(=O)Nc2cccc(N1CCN(CCCCNS(=O)(=O)CC(C)C)CC1)c2,1
COc4cc(CC(=O)Nc3cc(n1nc(C)cc1C)nc(c2ccc(C)o2)n3)cc(OC)c4,1
CCN(CC)CC(=O)Nc1c(C)cccc1C,1
CC(CN(C)C)C(C)(O)Cc1ccc(Cl)cc1,1
O(C(CC)=O)[C@@](c1ccccc1)(Cc1ccccc1)[C@@H](CN(C)C)C,1
O(C)c1ccc(cc1OC)CC[N+](C)CCCC(C#N)(c1cc(OC)c(OC)c(OC)c1)C(C)C,1
NC(=O)CNC[C@H]1CC[C@]2(CC1)OO[C@@]4(O2)C3CC5CC(C3)CC4C5,1
CN(C)Cc4ccc3C[C@@H](N(C)C(=O)c2ccc(c1ccc(Cl)cc1)cn2)CCc3c4,1
Cc3cn2c(N)c(Cl)cc(C(=O)NCC1CCN(CC(C)C)CC1)c2n3,1
c12c(c(cc(n2)C(F)(F)F)[C@@H]([C@H]2CCCCN2)O)cccc1C(F)(F)F,1
OC(c1cc(C(F)(F)F)nc2c(C(F)(F)F)cccc12)C3CCCCN3,1
Clc1ccc2c([nH0]ccc2NC(C)CCC[N+](CC)CC)c1,1
[N+]1(CC2C[N+](CC(C1)C12CCCC1)CC1CC1)CC1CC1,1
Fc1ccc2c([nH]c(C3=CNC=CC3)c2C2C[N+]CCC2F)c1,1
CN(C(=O)c2ccc(c1ccc(F)cc1)cc2)[C@H]5CCc4cc(CN3CCS(=O)(=O)CC3)ccc4C5,1
[H][C@]13CNC[C@@H](C)N1c2c(C)c(Cl)ccc2C3,1
c12c(nccc1N[C@@H](CCCN(CC)CC)C)cc(Cl)cc2,1
N(c1ccccn1)(Cc1ccc(OC)cc1)CCN(C)C,1
O(C)c1ccc(cc1)CN(CC[N+](C)C)c1[nH0]cccc1,1
Clc1ccc2c(c1)CCc1ccc[nH0]c1C2=C1CCN(CC1)C(=O)OCC,1
Cc4cc(C)n(c3cc(NC(=O)CCN1CC[C@H](N(C)C)C1)nc(c2ccc(C)o2)n3)n4,1
CC(=O)Nc2cccc(N1CCN(CCCCN(C)S(=O)(=O)CC(C)C)CC1)c2,1
O=S(=O)(c1ccccc1F)N4CCOc3c(N2CCNCC2)cccc34,1
CC[C@@H](O)c1cn(c(c12)ccc(Cl)c2)-c3ccc(F)cc3,1
 c1ccccc1C([C@@H](OC(=O)C)CC)(c1ccccc1)C[C@@H](N(C)C)C,1
O=C(OC(CC)C(CC([N+](C)C)C)(c1ccccc1)c1ccccc1)C,1
Clc1cccc2c1[nH]c(c1ccccc1)c2C1C[N+]CCC1F,1
[H][N+]([H])([H])c1cc(NS(C)(=O)=O)ccc1OCCN(C)CCc2ccc(OC)c(OC)c2,1
Clc1ccc(COC(Cn2ccnc2)c3ccc(Cl)cc3Cl)c(Cl)c1,1
Clc1ccc(COC(Cn2ccnc2)c3ccc(Cl)cc3Cl)c(Cl)c1,1
C1(\c2c(cc(Cl)cc2)CCc2c1nccc2)=C1\CCN(C(OCC)=O)CC1,1
Clc1ccccc1C1C(=C(NC(COCC[N+])=C1C(=O)OCC)C)C(=O)OC,1
O=C2CN(CCc1ccc(F)cc1)CCN2C5CCc4cc(CN3CCC(C(F)(F)F)CC3)ccc4C5,1
CN(C)C(=N)c4ccc(C(=O)Nc1ccc(Cl)cc1C(=O)Nc2ccc(Cl)cn2)c(N3CCCCC3C(=O)O)c4,1
[S+2]([O-])([O-])(Nc1ccc(Nc2c3ccccc3[nH0]c3ccccc32)c(OC)c1)C,1
COC1=C(C=C2C(=C1)CC(C2=O)CC3CCN(CC3)CC4=CC=CC=C4)OC,1
CNCCC(C1=CC=CC=C1)OC2=CC=C(C=C2)C(F)(F)F,1
CCC(O)c1cn(c2ccc(F)cc2)c3ccc(Cl)cc13,1
CCC(=O)c1cn(c2ccc(F)cc2)c3ccc(Cl)cc13,1
COc1cc(N)c(Cl)cc1C(=O)NC2CCN3CCCC2C3,1
CCC(=O)c1cn(c(c12)ccc(Cl)c2)-c3ccc(F)cc3,1
[H][C@@]3(COc1ccc(cc1)N2CCN(CC2)C(C)=O)CO[C@@](Cn4ccnc4)(O3)c5ccc(Cl)cc5Cl,1
C1(\c2c(CCc3c1cccc3)cccc2)=C\CCN(C)C,1
CC(=O)N5CCN(c4ccc(OCC3CO[C@@](Cn1ccnc1)(c2ccc(Cl)cc2Cl)O3)cc4)CC5,1
Cc4cc(C)n(c3cc(NC(=O)CN1CC[C@H](CN(C)C)C1)nc(c2ccc(C)o2)n3)n4,1
CCC(=O)N(C1CCN(CCc2ccccc2)CC1)c3ccccc3,1
 C(C)C(N(C1CCN(CCc2ccccc2)CC1)c1ccccc1)=O,1
CCN4CCC3(C=C(c1ccc(C(=O)N(CC)CC)cc1)c2ccccc2O3)CC4,1
[H]N(C(=N)c2ccc(c1ccc(Cl)cc1)o2)c3cccc(C)c3,1
CN(C)Cc4ccc3C[C@@H](N(C)C(=O)c2ccc(c1ccc(F)cc1)cc2)CCc3c4,1
CN(C)C(=O)CN(C)Cc4ccc3C[C@@H](N(C)C(=O)c2ccc(c1ccc(F)cc1)cc2)CCc3c4,1
CNC5CCN(c4ccc(n3ncc2cc(c1ccc(C(F)(F)F)cc1)sc2c3=O)cn4)C5,1
O=C2NC[C@@H](c1ccccc1)C25CCN([C@@H]3CCCC[C@@]3(O)c4ccc(F)cc4)CC5,1
NC[C@@H]1CC[C@@]2(CC1)OO[C@]4(O2)C3CC5CC(C3)CC4C5,1
N#C[C@@H]1CCCN1C(=O)C4CN(Cc3ccc(n2cncn2)cc3)C[C@@H]4N,1
C(#Cc5cc(c3n[nH]c4c2ccc(Cn1cncn1)cc2Cc34)cs5)COc6ccccc6,1
CCN(CC)Cc4ccc3CC([N@]2CCN(CCc1cccc(C(F)(F)F)c1)CC2=O)CCc3c4,1
CCN(CC)Cc1ccc2CC(CCc2c1)N3CCN(CCc4cccc(c4)C(F)(F)F)CC3=O,1
CCCNCC(O)COc1ccc(O)cc1C(=O)CCc2ccccc2,1
Cc4cc(C)n(c3cc(NC(=O)CN1CCC(CN(C)C)CC1)nc(c2ccc(C)o2)n3)n4,1
COCCN(C)CCn3c(C#N)c(c1cccc(F)c1)c2cc(OC)ccc2c3=O,1
Fc1ccc(cc1)c1[nH]c2cc(F)ccc2c1C1C[N+]CC[C@H](F)1,1
CN(C)C(=N)c4ccc(C(=O)Nc1ccc(Cl)cc1C(=O)Nc2ccc(Cl)cn2)c(N3CCCC(C(=O)O)C3)c4,1
O=C(NC2CCN(Cc1ccc(OCC(F)(F)F)c(F)c1)CC2)c4cc(=O)c3ccc(F)cc3o4,1
CC1=C(C(=O)N2CCCCC2=N1)CCN3CCC(CC3)C4=NOC5=C4C=CC(=C5)F,1
CCC(CC)c1cn(c2ccc(F)cc2)c3ccc(Cl)cc13,1
CN(C)CCCN1c2ccccc2Sc3ccc(Cl)cc13,1
 c12c(nc(N3CCN(C(c4ccco4)=O)CC3)nc2N)cc(OC)c(c1)OC,1
C(=C(/c1ccccc1)CC)(\c1ccc(OCCN(C)C)cc1)c1ccccc1,1
CC\C(c1ccccc1)=C(/c2ccccc2)c3ccc(OCC[N+](C)C)cc3,1
O=C(N1CCN(CC1)c1[nH0]c(N)c2cc(OC)c(OC)cc2[nH0]1)c1occc1,1
 c1([C@@H](Oc2ccc(C(F)(F)F)cc2)CCNC)ccccc1,1
[N+](C(C)CC(c1ccccc1)c1ccccc1)C(C)(C)C,1
s1ccc(c1)c1[nH]c2cc(F)ccc2c1C1C[N+]CCC1F,1
O=C(Nc3cccc(N2CCN(CCCCNS(=O)(=O)CC1CCCCC1)CC2)c3)C4CC4,1
O[C@@H]4c3ccc(OCc1ccccc1c2ccccc2)cc3CC[C@H]4CCN6CCC(c5ccccc5)CC6,1
c12c([C@@H]([C@@H]3[N@@]4C[C@H](C=C)[C@@H](C3)CC4)O)ccnc1ccc(c2)OC,1
CCC(CC)c1cn(c(c12)ccc(Cl)c2)-c3ccc(F)cc3,1
 N1(c2c(Sc3c1cccc3)ccc(c2)Cl)CCCN(C)C,1
c1(N2CCN(C(c3cc(c(OC)cc3)OC)=O)CC2)cc2c(NC(=O)CC2)cc1,1
CN(C)CCCN1c2ccccc2Sc3ccc(Cl)cc13,1
 C1[C@@]([C@H](c2c(cc(F)cc2)C1)C(C)C)(CC[N@@](CCCc1[nH]c2ccccc2n1)C)OC(COC)=O,1
C1[C@@]([C@H](c2c(cc(F)cc2)C1)C(C)C)(CC[N@@](CCCc1[nH]c2ccccc2n1)C)OC(COC)=O,1
COCC(=O)O[C@@]3(CCN(C)CCCc1nc2ccccc2[nH]1)CCc4cc(F)ccc4[C@H]3C(C)C,1
 c1(c2ccc(Cl)cc2)oc(\C=N\N2C(N(CCCCN3CCN(C)CC3)C(C2)=O)=O)cc1,1
Clc1ccc2c([nH]c(c3ccccc3)c2C2C[N+]CCC2F)c1,1
CN(CC(=O)O)C(=N)c3ccc(C(=O)Nc1ccc(Cl)cc1C(=O)Nc2ccc(Cl)cn2)cc3,1
CN(CCCC(=O)O)C(=N)c3ccc(C(=O)Nc1ccc(Cl)cc1C(=O)Nc2ccc(Cl)cn2)cc3,1
O=C2NC[C@@H](c1ccccc1)C25CCN([C@@H]3CCCCC3c4ccccc4)CC5,1
[N+](C)CCCN1c2ccccc2CCc2ccccc12,1
[N+](C)CCCN1c2ccccc2CCc2ccccc12,1
 N1(c2c(CCc3c1cccc3)cccc2)CCCNC,1
Fc1ccc(cc1)c1[nH]c2cc(F)ccc2c1C1C[N+]CCC1,1
O=C2NCC(c1ccc(F)cc1)C25CCN(C4(c3ccc(F)cc3)CCCCC4)CC5,1
CSc1ccc2Sc3ccccc3N(CCC4CCCCN4C)c2c1,1
N#Cc1c(Cl)cccc1OC[C@H](O)CN2CCC[C@H]2Cc3ccccc3,1
C1[C@@H]2[C@H]([C@H](C[C@@H](C1)[N@@]2C)OC(c1ccccc1)=O)C(OCC)=O,1
CCOC(=O)C2[C@@H](OC(=O)c1ccccc1)C[C@H]3CCC2N3C,1
Cc4cc(C)n(c3cc(NC(=O)COc1cccc(CN(C)C)c1)nc(c2ccc(C)o2)n3)n4,1
FC(F)Oc1ccc(cc1OC(F)F)C(C1=CNC(C=C1)C(O)(C)c1ccccc1)c1cc[nH0+](O)cc1,1
O=C1Nc2ccc(N3CCN(CC3)C(=O)c3ccc(OC)c(OC)c3)cc2CC1,1
FC1CC[N+]CC1c1c2ccccc2[nH]c1c1ccccc1,1
Clc1cccc(c1)CN1CCC([N+](CC[N+]2CC[N+]CC2)Cc2[nH0](c[nH0]c2)Cc2ccc(C#N)cc2)C1=O,1
O(C)c1ccc(cc1)CN(CC[N+](C)C)c1[nH0]cccc1,1
c1(cc(c(cc1)[C@@]1(O[C@H](COc2ccc(cc2)N2CCN(CC2)C(C)=O)CO1)Cn1cncc1)Cl)Cl,1
[H]C1(C=C)CN2CCC1C[C@@]2([H])[C@@](C)(O)c3ccnc4ccc(OC)cc34,1
O=C1NN=C(CC1)c1ccc(Nc2cc[nH0]cc2)cc1,1
Cc4cc(C)n(c3cc(NC(=O)CN1CC[C@@H](CN(C)C)C1)nc(c2ccc(C)o2)n3)n4,1
Ic1cc(cc(I)c1OCC[N+](CC)CC)C(=O)c1c2ccccc2oc1CCCC,1
[N+](CCC(c1ccccc1)c1ccccc1)C(C)Cc1ccccc1,1
[S+2]([O-])([O-])(NCC1CCC(CC1)c1[nH0]c(c[nH]1)c1cccc(c1)C(F)(F)F)c1ccccc1,1
[S+2]([O-])([O-])(N(C)CC1CCC(CC1)c1[nH0]c(c[nH]1)c1cccc(c1)C(F)(F)F)c1ccccc1,1
FC(F)(F)c1cccc(c1)c1[nH0]c([nH]c1)C1CCC(CC1)C(=O)NCCO,1
Brc1cccc(c1)c1[nH0]c([nH]c1)C1CCC(CC1)C(=O)NC(=O)C,1
Cc6cc(C(=O)Nc3ccc(c1ccccc1CN2CCCCC2)cc3F)n(c5cc4ccccc4cc5F)n6,1
COc1cccc(C(O)C2CCN(CCc3ccc(F)cc3)CC2)c1OC,1
CN(C)CCCn1cc(C2=C(C(=O)NC2=O)c3c[nH]c4ccccc34)c5ccccc15,1
CCC1C(O)N2C3CC45C(O)C3C1CC2C5N(C)c6ccccc64,1
CN(C)CCCn5cc(c3c(c1c[nH]c2ccccc12)c(=O)[nH]c3=O)c4ccccc45,1
[H][C@@]1(O)C4[C@@H]5C[C@]13c2ccccc2N(C)C3[C@]6([H])C[C@]4([H])[C@]([H])(CC)[C@@H](O)N56,1
c1(c2c(cc(F)cc2)on1)C1CCN(CCc2c(n3c(CCCC3)nc2C)=O)CC1,1
FC(F)(F)c1ccc(OC(CC[N+]C)c2ccccc2)cc1,1
CCOC(=O)COc3ccc(NC(=O)c1ccc(C(=N)N(C)C)cc1)c(C(=O)Nc2ccc(Cl)cn2)c3,1
O=C1Nc2ccc(OCC(O)C[N+]Cc3ccc(OC)c(OC)c3)cc2C=C1,1
Cc4cc(C)n(c3cc(NC(=O)CN1CCN(C)CC1)nc(c2ccc(C)o2)n3)n4,1
Cc4cc(C)n(c3cc(NC(=O)CN1CCN(C)CC1)nc(c2ccc(C)o2)n3)n4,1
c1([C@@](CCC[N@@](CCc2cc(c(OC)cc2)OC)C)(C(C)C)C#N)cc(c(OC)cc1)OC,1
Fc1ccc2c([nH]c(c2C2C[N+]CC[C@H](F)2)C(=O)Nc2ccccc2)c1,1
Fc1ccc2c([nH]c(c2C2C[N+]CCC2F)C2CCCCCC2)c1,1
Cc5cc(C(=O)Nc2ccc(C(=N)N1CCCC1)cc2)n(c4cc3ccccc3cc4C#N)n5,1
S1c2ccccc2N(CC(C)C[N+](C)C)c2cc(C#N)ccc12,1
O=C1N(CCC1[N+](Cc1c[nH0]ccc1)Cc1[nH0](c[nH0]c1)Cc1ccc(C#N)cc1)Cc1ccccc1,1
CC(C)c4nc(CN(C)C(=O)N[C@H](C(=O)N[C@@H](Cc1ccccc1)C[C@H](O)[C@H](Cc2ccccc2)NC(=O)OCc3cncs3)C(C)C)cs4,1
C1CC(c2ccccc2)(c2ccccc2)CCN1C(C)(C)C,1
Cc1ccccc1C(OCCN(C)C)c2ccccc2,1
c1(c2c(cccc2)oc1CCCC)C(c1cc(c(OCCN(CC)CC)c(c1)I)I)=O,1
 c12c3c(cccc3)n(c1CC[C@@H](C2=O)Cn1c(ncc1)C)C,1
Cc1nccn1CC2CCc4c(C2=O)c3ccccc3n4C,1
O=C1c2c([nH0](C)c3ccccc32)CCC1C[nH0]1cc[nH0]c1C,1
NCc5ccc(F)c(C4CCN(C(=O)c3cccc(c2nc(c1cccs1)no2)c3)CC4)c5,1
COC(=O)CCc3ccc(NC(=O)c1ccc(C(=N)N(C)C)cc1)c(C(=O)Nc2ccc(Cl)cn2)c3,1
C(=C(/c1ccccc1)CC)(\c1ccc(OCCN(C)C)cc1)c1ccccc1,1
CCN(CC)C(=O)c4ccc(C2=CC1(CCN(C)CC1)Oc3ccccc23)cc4,1
c12c(c(c(C(O)=O)cn1C1CC1)=O)c(c(F)c(c2F)N1C[C@H](N[C@H](C1)C)C)N,1
[H][C@](O)(C[C@H]2c1cc(OC)c(OC)cc1CCN2C)c3ccc(OC)cc3,1
c1(c2ccc(Cl)cc2)oc(\C=N\N2C(N(CCCCN3CCN(C)CC3)C(C2)=O)=O)cc1,1
O=C(NC4CCN(Cc3ccc(OCCCN(C1CC1)C2CC2)c(F)c3)CC4)c6cc(=O)c5ccc(F)cc5o6,1
Clc1cc(Cl)c2cc(c3ccc(cc3c2c1)[C@](F)(F)F)[C@H](O)CC[N+],1
COc(cc1)ccc1[C@@](C#N)(C(C)C)CCCN(C)CCc2cc(OC)c(cc2)OC,1
Ic1cc(cc(I)c1OCC[N+](CC)CC)C(=O)c1c2ccccc2oc1CCCC,1
Clc1cccc(c1)N2CCN(CCCn3nc4ccccn4c3=O)CC2,1
Cc3ccc(CC2(O)CCN(CCOc1ccc(O)cc1)CC2)cc3,1
Cc3ccc(CC2(O)CCN(CCOc1ccc(O)cc1)CC2)cc3,1
C3=C(c1ccccc1)c2ccccc2OC34CCNCC4,1
COC(=O)c4ccc(C2=CC1(CCNCC1)Oc3ccccc23)cc4,1
n1(c(=O)n(c(=O)cc1NCC[N@@](CCCc1ccc(cc1)[N+](=O)[O-])CCO)C)C,1
CCCNCC(O)COc1ccccc1C(=O)CCc2ccccc2,1
Cc3cc(C)n(c2cc(NC(=O)CCN(C)C)nc(c1ccc(C)o1)n2)n3,1
Cc3cc(C)n(c2cc(NC(=O)CCN(C)C)nc(c1ccc(C)o1)n2)n3,1
Oc4ccc(C2=CC1(CCNCC1)Oc3ccccc23)cc4,1
Clc1cccc(N2CCN(CCCCOc3ccc4CCC(=O)Nc4c3)CC2)c1Cl,1
COC1=CC2=C(C=CN=C2C=C1)[C@@H]([C@H]3C[C@@H]4CCN3C[C@@H]4C=C)O,1
OC(=O)Cc1ccc(cc1)n2cc(C3CCN(CCN4CCNC4=O)CC3)c5cc(Cl)ccc25,1
Clc1cccc(N2CCN(CCCCOc3ccc4CCC(=O)Nc4c3)CC2)c1Cl,1
CCOC(=O)C4CCN(c1cc(C(=N)N(C)C)ccc1C(=O)Nc2ccc(OC)cc2C(=O)Nc3ccc(Cl)cn3)CC4,1
CN1CCN=C1c6ccc(C(=O)N4CCN(S(=O)(=O)c3cc2ccc(Cl)cc2s3)CC4CC(=O)N5CCOCC5)cc6,1
Cc4cc(C)n(c3cc(NC(=O)CN1CC[C@H](N(C)C)C1)nc(c2ccc(C)o2)n3)n4,1
CS(=O)(=O)c4ccc(OCC1CC1)c(C(=O)N3CCN(c2ccc(C#N)cc2F)CC3)c4,1
O=C(N1CCN(CC1)c1[nH0]c(N)c2cc(OC)c(OC)cc2[nH0]1)C1Oc2ccccc2OC1,1
COc4ccc(C2=CC1(CCNCC1)Oc3ccccc23)cc4,1
O=C(O)Cc1ccc(cc1)-n(c(c23)ccc(Cl)c3)cc2[C@H]4CCN(CC4)CCN(C5=O)CCN5,1
COC(=O)c4ccc(Oc3ccc(NC(=O)c1ccc(C(=N)N(C)C)cc1)c(C(=O)Nc2ccc(Cl)cn2)c3)cc4,1
O=C(COc1cccc(Cl)c1)NC4CCN(Cc3ccn(c2ccc(C(F)(F)F)cc2)c3)CC4,1
CN1C3CCC1CC(OC(=O)C(CO)c2ccccc2)C3,1
S1c2ccccc2N(CCC2[N+](C)CCCC2)c2cc([S+]([O-])C)ccc12,1
CC(C)COCC(CN(Cc1ccccc1)c2ccccc2)N3CCCC3,1
S1c2ccccc2N(CCC2[N+](C)CCCC2)c2cc([S+]([O-])C)ccc12,1
 c12N(c3c(cccc3)Sc1ccc(c2)[S@@](C)=O)CC[C@@H]1[N@@](CCCC1)C,1
 N(c1ccccc1)(C[C@@H](N1CCCC1)COCC(C)C)Cc1ccccc1,1
c12c([C@@H]([C@@H]3[N@@]4C[C@H](C=C)[C@@H](C3)CC4)O)ccnc1ccc(c2)OC,1
c1(c2c(cccc2)oc1CCCC)C(c1cc(c(OCCN(CC)CC)c(c1)I)I)=O,1
[nH]1c2ccccc2c(c1c1ccccc1)C1C[N+](CCC1)CCc1ccccc1,1
CC(=C(F)C(=O)Nc2ccc(c1ccccc1S(N)(=O)=O)cc2)c3ccc(C(=N)N)cc3,1
CC(=O)c4c(O)c(C)c(O)c(Cc3c(O)c1C=CC(C)(C)Oc1c(C(=O)C=Cc2ccccc2)c3O)c4O,1
CC(C)(O)c1ccc(cc1)C(O)CCCN2CCC(CC2)C(O)(c3ccccc3)c4ccccc4,1
CN1CCN(CCCCN2C(=O)CN(N=Cc3ccc(o3)c4ccc(Cl)cc4)C2=O)CC1,1
O=c4[nH]c(=O)c(c2nn(CCCN1CCOCC1)c3ccccc23)c4c7cn(c6ccc5ccccc5c6)c8ccccc78,1
Fc1ccc2c([nH]c(c3ccc4ccccc4c3)c2C2C[N+]CCC2F)c1,1
CN(C)CCCn6nc(c4c(c2cn(c1cccnc1)c3ccccc23)c(=O)[nH]c4=O)c5ccccc56,1
O=C(COc1cccc(Cl)c1)NC4CCN(Cc3ccn(c2ccc(OC(F)(F)F)cc2)c3)CC4,1
Clc1cccc(c1)CN1CCC([N+](CCC[N+])Cc2[nH0](c[nH0]c2)Cc2ccc(C#N)cc2)C1=O,1
Cc4ccc(C2=CC1(CCNCC1)Oc3ccccc23)cc4,1
FC(F)(F)c1ccc(OC(CC[N+]C)c2ccccc2)cc1,1
CC(C)(O)c1ccc(cc1)[C@H](O)CCCN(CC2)CCC2C(O)(c3ccccc3)c4ccccc4,1
CC(CC(c1ccccc1)c2ccccc2)NC(C)(C)C,1
CC(C)CON=CCOc4ccc(CN3CCC(NC(=O)c2cc(=O)c1ccc(F)cc1o2)CC3)cc4F,1
CC(CC(c1ccccc1)c2ccccc2)NC(C)(C)C,1
O=C(CCc1ccccc1)c1ccccc1OCC(O)C[N+]CCC,1
[S+]([O-])(CCC)CCC[N+](CC)CC(O)COc1ccc(C#N)cc1,1
Clc1cccc(c1)CN1CCC([N+]Cc2[nH0](c[nH0]c2)Cc2ccc(C#N)cc2)C1=O,1
O=C(CCc1ccccc1)c1ccccc1OCC(O)C[N+]CCC,1
 n1(Cc2ccc(cc2)F)c(N2CCC(CC2)N(C)c2nccc([nH]2)=O)nc2c1cccc2,1
CC(C)(C)c1ccc(cc1)[C@@H](O)CCCN(CC2)CCC2C(O)(c3ccccc3)c4ccccc4,1
CN(C)CCCn7nc(c5c(c3cn(c2ccc1ccncc1c2)c4ccccc34)c(=O)[nH]c5=O)c6ccccc67,1
Cc6ccc5c(c4nnc(SCCCN3CCc2ccc(c1cc(C)nn1C)cc2CC3)n4C)cccc5n6,1
CCN[C@H]4CCN(CC(=O)Nc3cc(n1nc(C)cc1C)nc(c2ccc(C)o2)n3)C4,1
[H]C1(C=C)CN2CCC1C[C@@]2([H])[C@@](C)(O)c3ccnc4ccc(OC)cc34,1
 CC(C)(C)C1=CC=C(C=C1)C(CCCN2CCC(CC2)C(C3=CC=CC=C3)(C4=CC=CC=C4)O)O,1
CN(C1CCN(CC1)c2nc3ccccc3n2Cc4ccc(F)cc4)c5nccc(=O)[nH]5,1
FC(F)(F)c4ccc(C2=CC1(CCNCC1)Oc3ccccc23)cc4,1
CN(C)C(=N)c4ccc(C(=O)Nc2ccc(Sc1ccc(C(=O)N(C)C)cc1)cc2C(=O)Nc3ccc(Cl)cn3)cc4,1
[H][C@](O)(C[C@H]2c1cc(OC)c(OC)cc1CCN2C)c3ccc(Cl)cc3,1
CC(C)(C)c4ccc(C(=O)CCCN3CCC(OC(c1ccccc1)c2ccccc2)CC3)cc4,1
 c12c([C@@H]([C@@H]3[N@@]4C[C@H](C=C)[C@@H](C3)CC4)O)ccnc1ccc(c2)OC,1
 C1(c2ccccc2)(C(OCC)=O)CCN(C)CC1,1
 C=1(c2c(Nc3c(N1)cc(Cl)cc3)cccc2)N1CCN(C)CC1,1
O=[N+]([O-])c1ccc(cc1)C(=O)N(CCC[N+](CC)CC)CC(=O)N(C1CCCCC1)C1CCCCC1,1
CN1CCN(CC1)C2=Nc(cc(Cl)cc3)c3Nc(c24)cccc4,1
COC1CN(CCC1NC(=O)C2=CC(=C(C=C2OC)N)Cl)CCCOC3=CC=C(C=C3)F,1
CS(=O)(=O)Nc1cc2c(c(oc2cc1)CCCC)C(c1ccc(cc1)OCCCN(CCCC)CCCC)=O,1
CC1(C)c2cc(CC(=O)NCCCCCN(CCOc3ccc(NS(C)(=O)=O)cc3)CCc4ccc(NS(C)(=O)=O)cc4)ccc2N5CCC6OC7CC[N+]8=C(C7=CC6=C15)C(C)(C)c9cc(ccc89)S([O-])(=O)=O,1
n1(c2c(cccc2)[nH]c1=O)C=1CC[N@@](CCCC(c2ccc(F)cc2)=O)CC1,1
CCN(CC)C(=O)c4cccc(C2=CC1(CCNCC1)Oc3ccccc23)c4,1
CC(=O)Nc3cccc(N2CCN(CCCCNS(=O)(=O)c1ccc(C)cc1)CC2)c3,1
CCNC(C)CCCNc2nccc(NCc1ccc(Cl)cc1Cl)n2,1
[nH]1c2ccccc2c(c1c1ccccc1)C1C[N+](CCC1)Cc1ccccc1,1
Cc4cc(C)n(c3cc(NC(=O)CN1CCCN(C)CC1)nc(c2ccc(C)o2)n3)n4,1
 n1(Cc2ccc(cc2)F)c(N2CCC(CC2)N(C)c2nccc([nH]2)=O)nc2c1cccc2,1
c1(cccnc1)[C@H]1[N@@](CCC1)C,1
 C1[C@@H](c2ccccc2OC1)CCN1CCC(CC1)c1cc(c(cc1)OC)OC,1
Clc1cc2NC(=O)Cc2cc1CCN3CCN(CC3)c4nsc5ccccc45,1
S1c2ccccc2N(CCC[N+]2CC[N+](C)CC2)c2cc(ccc12)C(F)(F)F,1
N(CCC[N+](CC)CC)(c1ccccc1)C1Cc2ccccc2C1,1
[S+2]([O-])([O-])(Nc1ccc(Nc2c3ccccc3[nH0]c3ccccc32)c(OC)c1)C,1
[S+2]([O-])([O-])(Nc1ccc([S+2]([O-])([O-])N(C)CCN(C)c2[nH0]c3ccccc3[nH0]2C)cc1)C,1
CN(CCN(C)S(=O)(=O)c1ccc(NS(C)(=O)=O)cc1)c3nc2ccccc2n3C,1
c1cc(F)ccc1-n(c(c23)cc(Cl)cc3)cc2C4CCNCC4,1
COc4ccc(NC(=O)c1ccc(C(=N)N(C)C)cc1N2CCCCC2)c(C(=O)Nc3ccc(Cl)cn3)c4,1
CSc4nn3c(N1CCNCC1)c2CCCc2nc3c4S(=O)(=O)c5ccccc5,1
OC(=O)Cc1ccc(cc1)n2cc(C3CCN(CCN4CCNC4=O)CC3)c5cc(Cl)ccc25,1
Fc1ccc(cc1)N2CCN(CCCN3c4cccc5cccc(c45)S3(=O)=O)CC2,1
 C(C1CCN(CCC[C@@H](c2ccc(C(C)(C)C)cc2)O)CC1)(c1ccccc1)(c1ccccc1)O,1
 C([C@@H](c1c2c(c3c(c1)c(Cl)cc(c3)Cl)cc(C(F)(F)F)cc2)O)CN(CCCC)CCCC,1
c1(nc(CCN2CCC(CC2)C(c2ccc(cc2)NS(C)(=O)=O)=O)ccc1)C,1
CC(C)(Cc2ccc1ccccc1c2)NC[C@@H](O)COc3cccc(Cl)c3C#N,1
CSc1ccc2Sc3ccccc3N(CCC4CCCCN4C)c2c1,1
 N1(c2c(Sc3c1cccc3)ccc(c2)SC)CC[C@@H]1[N@@](CCCC1)C,1
O=C1N(CCC1[N+](CCCC)Cc1[nH0](c[nH0]c1)Cc1ccc(C#N)cc1)Cc1ccccc1,1
Clc1cccc(c1)CN1CCC([N+](CC[N+]2CCOCC2)Cc2[nH0](c[nH0]c2)Cc2ccc(C#N)cc2)C1=O,1
CCN(CC)CCOc1ccc(cc1)C(=C(Cl)c2ccccc2)c3ccccc3,1
 C=1(c2c(Nc3c(N1)cccc3)sc(c2)C)N1CCN(C)CC1,1
s1c2Nc3ccccc3N=C(N3CC[N+](C)CC3)c2cc1C,1
Cl/C(/c1ccccc1)=C(c1ccccc1)/c1ccc(OCC[N+](CC)CC)cc1,1
c1ccccc1C(=O)CCCN(CC2)CCC2(O)c3ccccc3,1
CC1CCCCN1CCCn8nc(c6c(c4cn(c3ccc2ccccc2c3)c5ccccc45)c(=O)[nH]c6=O)c7ccccc78,1
O=C3c2ccc(OCc1ccccc1)cc2CCC3CCN5CCC(c4ccccc4)CC5,1
CN(C(=O)c2ccc(c1ccc(C(F)(F)F)cc1)cc2)[C@H]5CCN(C(=O)N(C)[C@@H]4CCN(CCCc3ccc(Cl)cc3)C4)C5,1
 C1(\c2c(cc(Cl)cc2)CCc2c1nccc2)=C1\CCN(C(OCC)=O)CC1,1
Clc1cc2NC(=O)Cc2cc1CCN3CCN(CC3)c4nsc5ccccc45,1
Cc1nc2CCCCn2c(=O)c1CCN3CCC(CC3)c4noc5cc(F)ccc45,1
Cc2nc1CCCCn1c(=O)c2CCN5CCC(c3noc4cc(F)ccc34)CC5,1
c1(c2c(cccc2)sn1)N1CCN(CCc2cc3c(NC(C3)=O)cc2Cl)CC1,1
 n1(c2c(cc(Cl)cc2)[nH]c1=O)C1CCN(CCCn2c3c(cccc3)[nH]c2=O)CC1,1
n1(c2c(cc(Cl)cc2)[nH]c1=O)C1CCN(CCCn2c3c(cccc3)[nH]c2=O)CC1,1
c1cccc(c12)[nH]c(=O)n2CCCCN(CC3)CCC3n4c(=O)[nH]c(c45)ccc(Cl)c5,1
CS(=O)(=O)Nc(cc1)ccc1C(=O)C2CCN(CC2)CCc3cccc(n3)C,1
Clc1cc2NC(=O)Cc2cc1CCN3CCN(CC3)c4nsc5ccccc45,1
 c1(c2c(cc(F)cc2)on1)C1CCN(CCc2c(n3c(CCCC3)nc2C)=O)CC1,1
c1(c2c(cccc2)sn1)N1CCN(CCc2cc3c(NC(C3)=O)cc2Cl)CC1,1
Fc1ccc2c(o[nH0]c2C2CC[N+](CC2)CCC2C(=O)[N+]=3CCCC(O)C=3N=C2C)c1,1
O=C1N(CCC1[N+]CCc1[nH0](c[nH0]c1)Cc1ccc(C#N)cc1)c1ccccc1,1
COc1ccc(CCN(C)CCC[C@](C#N)(C(C)C)c2ccc(OC)c(OC)c2)cc1OC,1
 c1([C@@](CCC[N@@](CCc2cc(c(OC)cc2)OC)C)(C(C)C)C#N)cc(c(OC)cc1)OC,1
CN(C)C(=N)c4ccc(C(=O)Nc1ccc(Cl)cc1C(=O)Nc2ccc(Cl)cn2)c(N3CCCCC3)c4,1
CC(C)(C)c4ccc(C(=O)CCCN3CCC(OC(c1ccccc1)c2ccccc2)CC3)cc4,1
N1CCN(C1=O)CCN(CC2)CC[C@@H]2c3cn(c(c34)ccc(Cl)c4)C5CCCCC5,1
COC(=O)Cc1ccc(cc1)-n(c(c23)ccc(Cl)c3)cc2[C@H]4CCN(CC4)CCN(C5=O)CCN5,1
Clc1ccc2n(cc(C3CCN(CCN4CCNC4=O)CC3)c2c1)C5CCCCC5,1
COC(=O)Cc1ccc(cc1)n2cc(C3CCN(CCN4CCNC4=O)CC3)c5cc(Cl)ccc25,1
 c1(c2c(cccc2)sn1)N1CCN(CCc2cc3c(NC(C3)=O)cc2Cl)CC1,1
CCCN2CC(CSC)CC1c3cccc4[nH]cc(CC12)c34,1
Fc1ccc2c([nH]c(c3cccc4ccccc43)c2C2C[N+]CCC2F)c1,1
Clc1cccc(c1)CN1CCC([N+](CCCNC(=O)OC(C)(C)C)Cc2[nH0](c[nH0]c2)Cc2ccc(C#N)cc2)C1=O,1
Fc1ccc(cc1)C(=O)C1CC[N+](CC1)CCN1C(=O)Nc2ccccc2C1=O,1
C1CN(CCC1(C2=CC=C(C=C2)Cl)O)CCCC(=O)C3=CC=C(C=C3)F,1
O=C(NCc1ccc(CC(O)CO)c(OC)c1)CCCCCCCC,1
CN(C)C(=N)c3ccc(C(=O)Nc1ccc(Cl)cc1C(=O)Nc2ccc(Cl)cn2)cc3,1
CCC(=C(c1ccccc1)c2ccc(OCCN(C)C)cc2)c3ccccc3,1
N#Cc4ccc(C2=CC1(CCNCC1)Oc3ccccc23)cc4,1
C(CCCCCCCC)(=O)NCc1cc(c(cc1)C[C@@H](CO)O)OC,1
c1(c(cc(N)c(c1)Cl)OC)C(N[C@@H]1[C@@H](C[N@@](CCCOc2ccc(F)cc2)CC1)OC)=O,1
O=C(OC(C)(C)C)N1CCC2OC(C1)C[N+](C2)CC(O)COc1ccc(C#N)cc1,1
[H][C@@](O)(COc1ccc(C#N)cc1)CN2CC3CC(C2)CN(C(=O)OC(C)(C)C)C3,1
CN(C)C(=N)c4ccc(C(=O)Nc2ccc(Sc1ccccc1)cc2C(=O)Nc3ccc(Cl)cn3)cc4,1
N1CCN(C1=O)CCN(CC2)CCC2c3cn(c(c34)ccc(Cl)c4)-c5ccccc5,1
[nH]1c2ccccc2c(c1c1ccccc1)C1CCN(CC1)c1ccccc1,1
CN(CCC1=CC=C(C=C1)NS(=O)(=O)C)CCOC2=CC=C(C=C2)NS(=O)(=O)C,1
Clc1ccc2n(cc(C3CCN(CCN4CCNC4=O)CC3)c2c1)c5ccccc5,1
CCCCNCCC(O)c1cc2c(Cl)cc(Cl)cc2c3cc(ccc13)C(F)(F)F,1
CCCCNCCC(O)c1cc2c(Cl)cc(Cl)cc2c3cc(ccc13)C(F)(F)F,1
COC(=O)c4ccc(Sc3ccc(NC(=O)c1ccc(C(=N)N(C)C)cc1)c(C(=O)Nc2ccc(Cl)cn2)c3)cc4,1
CCOC(=O)C[C@H]3CN(S(=O)(=O)c2cc1cc(Cl)ccc1[nH]2)CC(=O)N3Cc4ccc(C(=N)N(C)C)cc4,1
c1(c2c(cccc2)oc1CCCC)C(c1cc(c(OCCN(CC)CC)c(c1)I)I)=O,1
C1[C@@H](c2ccccc2OC1)CCN1CCC(CC1)c1cc(c(cc1)OC)OC,1
COc5ccc(CCN4CCC(NNc2nc1ccccc1n2Cc3ccc(F)cc3)CC4)cc5,1
n1(c2c(cccc2)[nH]c1=O)C=1CC[N@@](CCCC(c2ccc(F)cc2)=O)CC1,1
C(C1CCN(CCC[C@@H](c2ccc(C(C)(C)C)cc2)O)CC1)(c1ccccc1)(c1ccccc1)O,1
CS(=O)(=O)Nc1cc2c(c(oc2cc1)CCCC)C(c1ccc(cc1)OCCCN(CCCC)CCCC)=O,1
CCCCc1oc2ccccc2c1C(=O)c3ccc(OCCN(CC)CC)cc3,1
CC(C)(C)c1ccc(cc1)[C@@H](O)CCCN(CC2)CCC2C(O)(c3ccccc3)c4ccccc4,1
CCOC(=O)C4CCN(C(=N)c3ccc(C(=O)Nc1c(OC)cc(Cl)cc1C(=O)Nc2ccc(Cl)cn2)c(F)c3)CC4,1
Fc1ccc(cc1)C(CCCN2CCC(CC2)n3c(=O)[nH]c4ccccc34)c5ccc(F)cc5,1
 n1(c2c(cccc2)[nH]c1=O)C1CCN(CCCC(c2ccc(F)cc2)c2ccc(F)cc2)CC1,1
CS(=O)(=O)Nc(cc1)ccc1C(=O)C2CCN(CC2)CCc3cccc(n3)C,1
c1c(Cl)c(N)cc(OC)c1C(=O)N[C@H](CC2)[C@H](OC)C[C@@H]2CCCOc3ccc(F)cc3,1
c1(c2c(ccc(c2)Cl)n(c1)c1ccc(F)cc1)C1CCN(CCN2C(NCC2)=O)CC1,1
CSc1ccc2Sc3ccccc3N(CCC4CCCCN4C)c2c1,1
CCCCN(CCCC)CCC(O)c2cc1c(Cl)cc(Cl)cc1c3cc(C(F)(F)F)ccc23,1
COC(=O)c1ccc(cc1)n2cc(C3CCN(CCN4CCNC4=O)CC3)c5cc(Cl)ccc25,1
 c1(c(cc(N)c(c1)Cl)OC)C(N[C@@H]1[C@@H](C[N@@](CCCOc2ccc(F)cc2)CC1)OC)=O,1
C(C1CCN(CCC[C@@H](c2ccc(C(C)(C)C)cc2)O)CC1)(c1ccccc1)(c1ccccc1)O,1
COC(=O)c1ccc(cc1)-n(c(c23)ccc(Cl)c3)cc2C4CCN(CC4)CCN(C5=O)CCN5,1
CS(=O)(=O)Nc5ccc4OC3(CCN(C2CCc1cc(C#N)ccc1C2)CC3)CC(O)c4c5,1
CN(C)CCCn7nc(c5c(c3cn(c2cnc1ccccc1c2)c4ccccc34)c(=O)[nH]c5=O)c6ccccc67,1
 n1(c2c(cccc2)[nH]c1=O)C=1CC[N@@](CCCC(c2ccc(F)cc2)=O)CC1,1
O=C(OCC)C=1[nH0]2c3ccccc3c3CC[N+]4CCC[C@](C=1)(CC)[C@H]4(c23),1
c1ccccc1C(=O)CCCN(CC2)CCC2(O)c3ccccc3,1
Fc1ccc(cc1)C(=O)CCCN2CCC(=CC2)n3c4ccccc4[nH]c3=O,1
 c1(C2(CCN(CCCC(c3ccc(F)cc3)=O)CC2)O)ccc(Cl)cc1,1
Clc1ccc(cc1)C([nH0]1c[nH0+](cc1)CC(OCc1ccc(Cl)cc1Cl)c1ccc(Cl)cc1Cl)c1ccc(Cl)cc1,1
Fc1ccc(cc1)C[nH0]1c2ccccc2[nH0]c1NC1CC[N+](CC1)CCc1ccc(O)cc1,1
c1(ccc(cc1)CCN1CCC(CC1)Nc1nc2c(n1Cc1ccc(cc1)F)cccc2)O,1
[S+2]([O-])([O-])(Nc1ccc(cc1)C(O)CCC[N+](CC)CCCCCCC)C,1
c1ccc2n(c(nc2c1)NC1CCNCC1)Cc1ccc(cc1)F,1
OC1(CCN(CCCC(=O)c2ccc(F)cc2)CC1)c3ccc(Cl)cc3,1
Fc1ccc(cc1)N2CC(C3CCN(CCN4CCNC4=O)CC3)c5ccccc25,1
C(c1ccccc1)(c1ccccc1)OC1CCN(CCCC(c2ccc(C(C)(C)C)cc2)=O)CC1,1
Clc1cccc(c1)CN1CCC([N+](CCCc2ccccc2)Cc2[nH0](c[nH0]c2)Cc2ccc(C#N)cc2)C1=O,1
N1CCN(C1=O)CCN(CC2)CCC2[C@H]3CN(c(c34)cccc4)c5ccc(F)cc5,1
CN(C)CCCn7nc(c5c(c3cn(c2ccc1ccccc1c2)c4ccccc34)c(=O)[nH]c5=O)c6ccccc67,1
CCCCN(CCCC)CCC(O)c1cc2c(Cl)cc(Cl)cc2c3cc(ccc13)C(F)(F)F,1
COc1cc(N)c(Cl)cc1C(=O)NC3CCN(CCCOc2ccc(F)cc2)CC3OC,1
CCCCN(CCCC)CCC(O)c1cc2c(Cl)cc(Cl)cc2c3cc(ccc13)C(F)(F)F,1
 c1(nc(CCN2CCC(CC2)C(c2ccc(cc2)NS(C)(=O)=O)=O)ccc1)C,1
c1(c(cc(N)c(c1)Cl)OC)C(N[C@@H]1[C@@H](C[N@@](CCCOc2ccc(F)cc2)CC1)OC)=O,1
O=[N+]([O-])c1ccc(cc1)C(=O)N(CCC[N+](C)CCc1ccc(OC)c(OC)c1)c1ccc(OC)c(OC)c1,1
CS(Nc1ccc(OCC[N@@](CCc2ccc(cc2)NS(C)(=O)=O)C)cc1)(=O)=O,1
[nH]1c2ccccc2c(c1c1ccccc1)C1CC2N(c3ccccc3)C(C1)CC2,1
c1cc(F)ccc1C(c2ccc(F)cc2)CCCN(CC3)CCC3n4c(=O)[nH]c(c45)cccc5,1
Oc1ccc(C)cc1[C@H](CC[N+](C(C)C)C(C)C)c1ccccc1,1
CCOC(=O)C4CCN(C(=N)c3ccc(C(=O)Nc1ccc(Cl)cc1C(=O)Nc2ccc(Cl)cn2)cc3)CC4,1
 c1([C@H](c2ccccc2)CCN(C(C)C)C(C)C)c(ccc(c1)C)O,1
CCOC(=O)C4CCCN(C(=N)c3ccc(C(=O)Nc1ccc(Cl)cc1C(=O)Nc2ccc(Cl)cn2)cc3)C4,1
Fc1ccc(cc1)C(CCC[N+]1CC[N+](CC1)CC(=O)Nc1c(C)cccc1C)c1ccc(F)cc1,1
CC(C)(C)c1ccc(cc1)[C@@H](O)CCCN(CC2)CCC2C(O)(c3ccccc3)c4ccccc4,1
 C(c1ccc(F)cc1)(c1ccc(F)cc1)CCCN1CCN(CC(Nc2c(cccc2C)C)=O)CC1,1
Fc1ccc(cc1)C(CCC[N+]1CC[N+](CC1)CC(=O)Nc1c(C)cccc1C)c1ccc(F)cc1,1
c1(C2(CCN(CCCC(c3ccc(F)cc3)=O)CC2)O)ccc(Cl)cc1,1
COC1=CC=C(C=C1)CCN2CCC(CC2)NC3=NC4=CC=CC=C4N3CC5=CC=C(C=C5)F,1
C1CN(CCC1N2C3=CC=CC=C3NC2=O)CCCC(C4=CC=C(C=C4)F)C5=CC=C(C=C5)F,1
Clc1ccc(CCCC[N+](CCCCCCC)(CC)CC)cc1,1
Clc1ccc(cc1)C(OCCC1[N+](C)CCC1)(C)c1ccccc1,1
Clc1ccc(cc1)CCCC[N+](CC)(CC)CCCCCCC,1
CS(=O)(=O)Nc(cc1)ccc1CCN(C)CCOc(cc2)ccc2NS(=O)(=O)C,1
O=c4[nH]c(=O)c(c2nn(CCCN1CCCC1)c3ccccc23)c4c7cn(c6ccc5ccccc5c6)c8ccccc78,1
c1c(Cl)ccc(c12)n(cc2N(C)C)-c3ccc(F)cc3,1
Fc1ccc(cc1)n2cc(C3=CCN(CCN4CCNC4=O)CC3)c5cc(Cl)ccc25,1
CN(C)Cc1cn(c2ccc(F)cc2)c3ccc(Cl)cc13,1
N1CCN(C1=O)CCN(CC2)CC=C2c3cn(c(c34)ccc(Cl)c4)-c5ccc(F)cc5,1
CN(CCOc1ccc(NS(C)(=O)=O)cc1)CCc2ccc(NS(C)(=O)=O)cc2,1
 n1(c2c(cccc2)nc1NC1CCN(CCc2ccc(OC)cc2)CC1)Cc1ccc(F)cc1,1
 CS(Nc1ccc(OCC[N@@](CCc2ccc(cc2)NS(C)(=O)=O)C)cc1)(=O)=O,1
 c1(c2c(ccc(c2)Cl)n(c1)c1ccc(F)cc1)C1CCN(CCN2C(NCC2)=O)CC1,1
c1(ccc(cc1)NS(=O)(=O)C)[C@@H](CCC[N@@](CCCCCCC)CC)O,1
COc1cc(N)c(Cl)cc1C(=O)NC3CCN(CCCOc2ccc(F)cc2)CC3OC,1
CN(CCOc1ccc(NS(C)(=O)=O)cc1)CCc2ccc(NS(C)(=O)=O)cc2,1
N1CCN(C1=O)CCN(CC2)CC[C@@H]2c3cn(c(c34)cccc4)-c5ccc(F)cc5,1
Fc1ccc(cc1)C(OCC[N+]1CC[N+](CC1)CCCc1ccccc1)c1ccc(F)cc1,1
Fc1ccc(cc1)n2cc(C3CCN(CCN4CCNC4=O)CC3)c5ccccc25,1
Fc1ccc2n(cc(C3CCN(CCN4CCNC4=S)CC3)c2c1)c5ccccc5,1
N1CCN(C1=S)CCN(CC2)CCC2c3cn(c(c34)cccc4)-c5ccc(F)cc5,1
n1(c2c(cccc2)nc1NC1CCN(CCc2ccc(OC)cc2)CC1)Cc1ccc(F)cc1,1
Fc1ccc(cc1)C(CCC[N+]1CCC2(N(CNC2=O)c2ccccc2)CC1)c1ccc(F)cc1,1
CS(=O)(=O)Nc4ccc(CCN(CCOc1ccc(NS(C)(=O)=O)cc1)c2ccc(N(=O)=O)c3nonc23)cc4,1
N1CCN(C1=O)CCN(CC2)CCC2c3cn(c(c34)ccc(Cl)c4)-c5ccc(F)cc5,1
CS(=O)(=O)NC1=CC2=C(C=C1)OC3(CCN(CC3)C4CCC5=C(C4)C=CC(=C5)C#N)CC2O,1
c1cc(F)ccc1C(c2ccc(F)cc2)CCCN(CC3)CCC3n4c(=O)[nH]c(c45)cccc5,1
c1(ccc(cc1)[N+](=O)[O-])CCCC[N@@](CCCCCCC)CC,1
COc(cc1)ccc1CCN(CC2)CCC2Nc(n3)n(c(c34)cccc4)Cc5ccc(F)cc5,1
Fc1ccc(cc1)C(OCC[N+]1CC[N+](CC1)CCCc1ccccc1)c1ccc(F)cc1,1
[H]N(C(=O)c2ccc(c1ccc(C#N)cc1)o2)c3cccc(C)c3,1
COc3cc(Nc2nn1c(NCC(C)(C)N)cc(C)nc1c2C(N)=O)cc(OC)c3,1
COc3cc(Nc2nn1c(NC[C@@H](C)N)cc(C)nc1c2C(N)=O)cc(OC)c3,1
COc3cc(Nc2nn1c(NC[C@H](C)N)cc(C)nc1c2C(N)=O)cc(OC)c3,1
COc4cc(Nc3nn2c(N[C@@H](CO)C(C)C)cc(c1ccccc1)nc2c3C(N)=O)cc(OC)c4,1
COc3cc(Nc2nn1c(N[C@@H](CO)C(C)C)cc(C(C)C)nc1c2C(N)=O)cc(OC)c3,1
COc4cc(Nc3nn2c(N[C@@H](CO)C(C)C)cc(C1CC1)nc2c3C(N)=O)cc(OC)c4,1
NC(=O)c3c(Nc1ccccc1)nn4c(N)cc(C2CC2)nc34,1
COc5cc(Nc4nn3c(N1CCC[C@@H]1CO)cc(C2CC2)nc3c4C(N)=O)cc(OC)c5,1
COc5cc(Nc4nn3c(N[C@H](CO)Cc1ccccc1)cc(C2CC2)nc3c4C(N)=O)cc(OC)c5,1
COc6cc(Nc5nn4c(N[C@H](CO)Cc1c[nH]c2ccccc12)cc(C3CC3)nc4c5C(N)=O)cc(OC)c6,1
COc3ccc(C(=O)NCc2ccc(NC1=NCCN1)cc2)cc3,1
Coc3ccc(C(=O)NCc2ccc(NC1=NCCN1)cc2)cc3,1
CC[C@@H]3OC(=O)[C@H](C)[C@H](O[C@H]1C[C@@](C)(OC)[C@@H](O)[C@H](C)O1)[C@H](C)[C@@H](O[C@@H]2O[C@H](C)C[C@H](N(C)C(C)C)[C@H]2O)[C@@](C)(O)C[C@@H](C)C[C@@H](C)[C@@H](O)[C@]3(C)O,1
CC[C@@H]3OC(=O)[C@H](C)[C@H](O[C@H]1C[C@@](C)(OC)[C@@H](O)[C@H](C)O1)[C@H](C)[C@@H](O[C@@H]2O[C@H](C)C[C@H](N(C)C(C)C)[C@H]2O)[C@@](C)(O)C[C@@H](C)C[C@@H](C)[C@@H](O)[C@]3(C)O,1
CCC(C)N(C)[C@H]3C[C@@H](C)O[C@@H](O[C@@H]2[C@@H](C)[C@@H](O[C@H]1C[C@@](C)(OC)[C@@H](O)[C@H](C)O1)[C@@H](C)C(=O)O[C@@H](CC)[C@@](C)(O)[C@H](O)[C@H](C)C[C@H](C)C[C@]2(C)O)[C@@H]3O,1
CCC(C)N(C)[C@H]3C[C@@H](C)O[C@@H](O[C@@H]2[C@@H](C)[C@@H](O[C@H]1C[C@@](C)(OC)[C@@H](O)[C@H](C)O1)[C@@H](C)C(=O)O[C@@H](CC)[C@@](C)(O)[C@H](O)[C@H](C)C[C@H](C)C[C@]2(C)O)[C@@H]3O,1
CC[C@@H]3OC(=O)[C@H](C)[C@H](O[C@H]1C[C@@](C)(OC)[C@@H](O)[C@H](C)O1)[C@H](C)[C@@H](O[C@@H]2O[C@H](C)C[C@H](N(C)CC(C)C)[C@H]2O)[C@@](C)(O)C[C@@H](C)C[C@@H](C)[C@@H](O)[C@]3(C)O,1
CC[C@@H]3OC(=O)[C@H](C)[C@H](O[C@H]1C[C@@](C)(OC)[C@@H](O)[C@H](C)O1)[C@H](C)[C@@H](O[C@@H]2O[C@H](C)C[C@H](N(C)CC(C)C)[C@H]2O)[C@@](C)(O)C[C@@H](C)C[C@@H](C)[C@@H](O)[C@]3(C)O,1
CC[C@@H]3OC(=O)[C@H](C)[C@H](O[C@H]1C[C@@](C)(OC)[C@@H](O)[C@H](C)O1)[C@H](C)[C@@H](O[C@@H]2O[C@H](C)C[C@H](N(C)CCO)[C@H]2O)[C@@](C)(O)C[C@@H](C)C[C@@H](C)[C@@H](O)[C@]3(C)O,1
CC[C@@H]3OC(=O)[C@H](C)[C@H](O[C@H]1C[C@@](C)(OC)[C@@H](O)[C@H](C)O1)[C@H](C)[C@@H](O[C@@H]2O[C@H](C)C[C@H](N(C)CCO)[C@H]2O)[C@@](C)(O)C[C@@H](C)C[C@@H](C)[C@@H](O)[C@]3(C)O,1
CC[C@@H]3OC(=O)[C@H](C)[C@H](O[C@H]1C[C@@](C)(OC)[C@@H](O)[C@H](C)O1)[C@H](C)[C@@H](O[C@@H]2O[C@H](C)C[C@H](N(C)C)[C@H]2O)[C@@](C)(O)C[C@@H](C)C(=O)[C@@H](C)[C@@H](O)[C@]3(C)O,1
CC[C@@H]3OC(=O)[C@H](C)[C@H](O[C@H]1C[C@@](C)(OC)[C@@H](O)[C@H](C)O1)[C@H](C)[C@@H](O[C@@H]2O[C@H](C)C[C@H](N(C)C)[C@H]2O)[C@@](C)(O)C[C@@H](C)C(=O)[C@@H](C)[C@@H](O)[C@]3(C)O,1
[H][C@H]4[C@H](C)O[C@@H](O[C@H]3[C@@H](C)C(=O)O[C@@H](CC)[C@]([H])(C)[C@H](O)[C@H](C)C1=C(C)C[C@](C)(O1)[C@H](O[C@@H]2O[C@H](C)C[C@H](N(C)CC)[C@H]2O)[C@H]3C)C[C@@]4(C)OC,1
[H][C@H]4[C@H](C)O[C@@H](O[C@H]3[C@@H](C)C(=O)O[C@@H](CC)[C@]([H])(C)[C@H](O)[C@H](C)C1=C(C)C[C@](C)(O1)[C@H](O[C@@H]2O[C@H](C)C[C@H](N(C)CC)[C@H]2O)[C@H]3C)C[C@@]4(C)OC,1
[H]c5cc4c([H])c(Nc2ncnn3cc(c1nnc(C)o1)c(C(C)C)c23)cnc4[nH]5,1
[H]c4c(Nc2ncnn3cc(c1nnc(NC)o1)c(C(C)C)c23)cnc5[nH]c(C)cc45,1
[H]c1ccc(C)nc1c3cccc(S(=O)(=O)c2cc(C(=N)N)sc2SC)c3,1
CSC1=C(C=C(S1)C(N)=N)S(=O)(=O)c2cccc(c2)-c3cc(C)ccc3NC(=O)CCCCC(O)=O,1
CSc1sc(C(=N)N)cc1S(=O)(=O)c3cccc(c2cc(C)ccc2NC(=O)NCCCCCC(=O)O)c3,1
CSc1sc(cc1S(=O)(=O)c2cccc(c2)-c3c(C)cccc3NC(=O)CS(C)(=O)=O)C(N)=N,1
CSc1sc(cc1S(=O)(=O)c2cccc(c2)-c3c(C)cccc3NC(=O)CS(C)(=O)=O)C(N)=N,1
CSc1sc(cc1S(=O)(=O)c2cccc(c2)-c3c(C)cccc3NC(=O)CCCS(C)(=O)=O)C(N)=N,1
CCC(C)Nc2ncc(C(=O)Nc1cc(C(=O)NC)ccc1C)s2,1
CC(C)c3nnc4ccc(c1ocnc1c2ccc(F)cc2)cn34,1
CC(C)c3nnc4ccc(c1ocnc1c2cccc(Cl)c2)cn34,1
CC(C)c3nnc4ccc(c1ocnc1c2cc(F)ccc2F)cn34,1
CC(C)c3nnc4ccc(c1ocnc1c2ccc(F)c(Cl)c2)cn34,1
CC(C)c3nnc4ccc(c1ocnc1c2ccc(F)cc2Cl)cn34,1
CC(C)(C)c3nnc4ccc(c1ocnc1c2ccccc2)cn34,1
CC(C)(C)c3ccc(NC(=O)N2CCN(c1ncccc1Cl)CC2)cc3,1
Cc1ccnnc1N3CCN(C(=O)Nc2ccc(C(C)(C)C)cc2)[C@H](C)C3,1
Cc1cc(Cl)nnc1N3CCN(C(=O)Nc2ccc(C(C)(C)C)cc2)[C@H](C)C3,1
Cc1cc(Cl)nnc1N4CCN(C(=O)Nc3nc2ccc(F)cc2s3)[C@H](C)C4,1
O=C(c2ccc1ncccc1c2)N5CCC(N4CCC(Cc3ccc(Cl)c(Cl)c3)[C@H](CO)C4)CC5,1
O=c3[nH]c(=Cc2ccc(CN1CCCC1)cc2)c(=O)n3c5ccc(Oc4ccccc4)cc5,1
FC(F)(F)c4ccc(Nc2ncnc3cc(c1ncccc1C(F)(F)F)ccc23)cc4,1
Cc4nc(Nc1ccc(C(F)(F)F)cc1)c3ccc(c2ncccc2C(F)(F)F)cc3n4,1
OCc4nc(Nc1ccc(C(F)(F)F)cc1)c3ccc(c2ncccc2C(F)(F)F)cc3n4,1
COCc4nc(Nc1ccc(C(F)(F)F)cc1)c3ccc(c2ncccc2C(F)(F)F)cc3n4,1
CCOCc4nc(Nc1ccc(C(F)(F)F)cc1)c3ccc(c2ncccc2C(F)(F)F)cc3n4,1
CC(C)OCc4nc(Nc1ccc(C(F)(F)F)cc1)c3ccc(c2ncccc2C(F)(F)F)cc3n4,1
FC(F)(F)c5ccc(Nc3nc(COCc1ccccc1)nc4cc(c2ncccc2C(F)(F)F)ccc34)cc5,1
COCCc4nc(Nc1ccc(C(F)(F)F)cc1)c3ccc(c2ncccc2C(F)(F)F)cc3n4,1
CCN(CC)Cc1nc(Nc2ccc(cc2)C(F)(F)F)c3ccc(cc3n1)-c4ncccc4C(F)(F)F,1
FC(F)(F)c5ccc(Nc3nc(CN1CCOCC1)nc4cc(c2ncccc2C(F)(F)F)ccc34)cc5,1
CC5CN(Cc4nc(Nc1ccc(C(F)(F)F)cc1)c3ccc(c2ncccc2C(F)(F)F)cc3n4)CC(C)O5,1
FC(F)(F)c5ccc(Nc3nc(CCCN1CCOCC1)nc4cc(c2ncccc2C(F)(F)F)ccc34)cc5,1
C[C@H]5CN(CCCc4nc(Nc1ccc(C(F)(F)F)cc1)c3ccc(c2ncccc2C(F)(F)F)cc3n4)C[C@@H](C)O5,1
FC(F)(F)c4ccc(Nc2ncnc3cc(c1ncccc1C(F)(F)F)ccc23)nc4,1
FC(F)(F)c5ccc(Nc3nc(CN1CCOCC1)nc4cc(c2ncccc2C(F)(F)F)ccc34)nc5,1
FC(F)(F)c4ccc(Nc2ncnc3cc(c1ncccc1C(F)(F)F)ccc23)cn4,1
CC(C)OCc4nc(Nc1ccc(C(F)(F)F)nc1)c3ccc(c2ncccc2C(F)(F)F)cc3n4,1
C[C@@H]5CN(Cc4nc(Nc1ccc(C(F)(F)F)nc1)c3ccc(c2ncccc2C(F)(F)F)cc3n4)C[C@H](C)O5,1
Cc6cc(C[C@@H](NC(=O)N3CCC(N2Cc1cccc(F)c1NC2=O)CC3)C(=O)N5CCC(N4CCCCC4)CC5)cc7cn[nH]c67,1
CC(C)c1noc(n1)C2CCN(CC2)c3ncnc(Nc4ccc(cc4F)S(C)(=O)=O)c3N(=O)=O,1
c1ccccc1,0
c1(c(cccc1)OC(C)=O)C(O)=O,0
Clc1ccc2[nH0](cc(c2c1)[C@H](CC[N+](CC1)CCN2CCNC2=O)1)c1ccc(cc1)C(=O)[O-],0
N12[C@@H]([C@@H](NC([C@@H](c3ccc(O)cc3)N)=O)C2=O)SC([C@@H]1C(O)=O)(C)C,0
CCC2(c1ccccc1)C(=O)NC(=O)NC2=O,0
Clc1ccc2[nH0](cc(CCC)c2c1)c1ccc(F)cc1,0
CNC(=NC#N)NCCSCc1nc[nH]c1C,0
O=C(OC)C1C2[N+](C)C(CC1O)CC2,0
C1[C@H]2[N@@]([C@@H]([C@H](C(OC)=O)[C@H]1O)CC2)C,0
Clc1ccc2[nH0](cc(c2c1)[C@@H](O)C)c1ccc(F)cc1,0
c1(ccncc1)N,0
C(C(Cl)(Cl)Cl)(C)(C)O,0
O=C(OC1CC2[N+](C)C(CC2)C1C(=O)[O-])c1ccccc1,0
O(C(=O)c1ccccc1)[C@@H]1[C@@H]([C@@H]2[N@@](C)[C@@H](C1)CC2)C(O)=O,0
Clc1ccc2[nH0](cc(CC)c2c1)c1ccc(F)cc1,0
C1(c2ccccc2)(C(NC(=O)NC1=O)=O)CC,0
O=C1NC(=O)C(CC)(C(=O)N1)c1ccccc1,0
N1([C@@H](CCC1)C(O)=O)C([C@@H](CS)C)=O,0
Clc1ccc2[nH0](cc(c2c1)[C@@H](O)CC)c1ccc(F)cc1,0
Clc1ccc2[nH0](cc(c2c1)C(=O)CC)c1ccc(F)cc1,0
Clc1ccc2[nH0](cc(c2c1)[C@@H](CC)CC)c1ccc(F)cc1,0
c12c3c(N4CCN(C)CC4)c(F)cc1c(c(C(O)=O)cn2[C@@H](C)CO3)=O,0
Fc1cc2C(=O)C(=CN3c2c(OCC3C)c1N1CC[N+](C)CC1)C(=O)[O-],0
[H][C@]12C=C[C@H](O)[C@]3([H])Oc5c(O)ccc4C[C@@]1([H])[N@](C)CC[C@@]23c45,0
 c12[C@]34[C@@H]5[C@H]([N@](C)CC4)Cc2ccc(c1O[C@H]3[C@@H](O)C=C5)O,0
FC1=CC2C(=[N+](C=C(C2=O)C(=O)[O-])C2CC2)C=C1N1CC[N+]CC1,0
 c12cc(N3CCNCC3)c(cc2c(=O)c(cn1C1CC1)C(O)=O)F,0
c12cc(N3CCNCC3)c(cc2c(=O)c(cn1C1CC1)C(O)=O)F,0
 c12c3c(N4CCN(C)CC4)c(F)cc1c(c(C(O)=O)cn2[C@@H](C)CO3)=O,0
c12c3c(N4CCN(C)CC4)c(F)cc1c(c(C(O)=O)cn2[C@@H](C)CO3)=O,0
Fc1cc2C(=O)C(=CN3c2c(OC[C@H]3(C))c1N1CC[N+](C)CC1)C(=O)[O-],0
O([C@@H]1[C@H]([C@H](O[C@H]2C[C@]([C@@H](O)[C@@H](O2)C)(OC)C)[C@H](C(O[C@@H]([C@@](C)(O)[C@@H]([C@H](C([C@@H](C[C@@]1(C)O)C)=O)C)O)CC)=O)C)C)[C@@H]1[C@H]([C@@H](C[C@@H](O1)C)N(C)C)O,0
O=[N+]([O-])c1ccccc1C1C(=C(NC(C)=C1C(=O)OC)C)C(=O)OC,0
C1(c2c(cccc2)[N+](=O)[O-])C(=C(NC(=C1C(OC)=O)C)C)C(OC)=O,0
Clc1ccc2[nH0](cc(c2c1)[C@H](CC[N+](CC1)CCN2CCNC2=O)1)c1ccc(cc1)CCO,0
CS(=O)(=O)Nc1ccc(cc1)[C@@H](CNC(C)C)O,0
c1(cc(ccc1)C(F)(F)F)C[C@H](NCC)C,0
OC(CCC[N+]1CCC(CC1)C(O)(c1ccccc1)c1ccccc1)c1ccc(cc1)C(O)(C)C,0
CC1Sc2c(C(=O)O)c(=O)c3cc(F)c(cc3n12)N4CCN(Cc5oc(=O)oc5C)CC4,0
O=C1OC(C)C(C)C(O)C(C)C(=O)C2(OC2)CC(C)C(OC2OC(C)CC([N+](C)C)C2O)C(C)C(OC2OC(C)C(O)C(OC)C2)C1C,0
COc1ccc2n(C(=O)c3ccc(Cl)cc3)c(C)c(CC(=O)O)c2c1,0
 c12c3c(ccc1C[C@@H]1[C@@H]4C=C[C@@H]([C@@H](O3)[C@@]24CC[N@]1C)O)OC,0
[H][C@]12C=C[C@H](O)[C@]3([H])Oc5c(OC)ccc4C[C@@]1([H])[N@](C)CC[C@@]23c45 ,0
[H][N+]([H])([H])[C@H]3CC(C(=O)N1CCn2c(C1)nnc2C(F)(F)F)=CC[C@@H]3c4cc(F)c(F)cc4F,0
COc1ccc2n(C(=O)c3ccc(Cl)cc3)c(C)c(CC(=O)O)c2c1,0
N[C@H]3CN(C(=O)c2cnc1ccccc1n2)CC3C(=O)N4CCCC4,0
CC[C@H]3OC(=O)[C@H](C)[C@@H](OC1CC(C)(OC)C(O)C(C)O1)[C@H](C)[C@@H](OC2OC(C)CC(NC)C2O)[C@](C)(OC)C[C@@H](C)C(=O)[C@H](C)[C@@H](O)[C@]3(C)O,0
CCN(CC)CC(=O)Nc1c(C)cccc1C,0
CCN(CC)CC(=O)Nc1c(C)cccc1C,0
N=C(N)c2ccc(OCCCCCOc1ccc(C(=N)N)cc1)cc2,0
N1(c2c(cccc2)C=Cc2c1cccc2)C(N)=O,0
 c1(cccnc1)[C@H]1[N@@](CCC1)C,0
[nH0]1cccc(c1)C1[N+](C)CCC1,0
O=C1NC(=O)C(N1)(c1ccccc1)c1ccccc1,0
O=C3NC(=O)C(c1ccccc1)(c2ccccc2)N3,0
C1(c2ccccc2)(c2ccccc2)NC(=O)NC1=O,0
O(C)c1cc(cc(OC)c1OC)Cc1c[nH0]c(N)[nH0]c1N,0
c1(F)cc2c(c(cn(C3CC3)c2c(OC)c1N1C[C@@H]2[C@H](C1)CCCN2)C(O)=O)=O,0
Nc1nnc(c(N)n1)c2cccc(Cl)c2Cl,0
Nc2nnc(c1cccc(Cl)c1Cl)c(N)n2,0
Clc1ccc2[nH0](cc(c2c1)[C@H](CC[N+]CC1)1)c1ccc(F)cc1,0
COC(=O)C1=CCC2CCC1N2C,0
O=C(OC)C1=CCC2[N+](C)C1CC2,0
C1[C@@H]2CC[C@@H](C(C(OC)=O)=C1)[N@]2C,0
NC1=[N+]CC2N1c1ccccc1Cc1ccccc12,0
O=C1Cc2ccc3OCOc3c2C[N+](C)CCc2cc3OCOc3cc21,0
Cc4nnc(c3ccc(CN2C[C@H](N)C(C(=O)N1CCC[C@H]1C#N)C2)cc3)o4,0
O=C1OC(CC)C(O)(C)C(O)C(C)C(=O)C(C)CC(O)(C)C(OC2OC(C)CC([N+](C)C)C2O)C(C)C(OC2OC(C)C(O)C(OC)(C)C2)C1C,0
COCCOC#Cc5cc(c3n[nH]c4c2ccc(Cn1cncn1)cc2Cc34)cs5,0
O=C1O[C@H](CC)[C@](O)(C)[C@H](O)[C@@H](C)C(=O)[C@H](C)C[C@](O)(C)[C@H](O[C@H](O[C@H](C)C[C@H]([N+]C)[C@@H](O)2)2)[C@@H](C)[C@H](O[C@H](O[C@@H](C)[C@H](O)[C@@](OC)(C)C2)2)[C@@H](C)1,0
CC[C@H]3OC(=O)[C@H](C)[C@@H](OC1CC(C)(OC)C(O)C(C)O1)[C@H](C)[C@@H](OC2OC(C)CC(NC)C2O)[C@](C)(OC)C[C@@H](C)C(=O)[C@H](C)[C@@H](O)[C@]3(C)O,0
[H][N -]([H])([H])[C@H](C(=O)C1CC[C@H](F)C1)[C@@H](C)C3CCC(N(C)C(=O)C2CC2)CC3,0
CCN(CC)CCNC(=O)c1ccc(N)cc1,0
 c1(C(NCCN(CC)CC)=O)ccc(N)cc1,0
Clc1ccc2[nH0](cc(c2c1)[C@H](CC[N+](CC1)CCN2CCNC2=O)1)[C@H](CCCCC1)1,0
COc3ccc2c(=O)n(C[C@H](O)CO)c(C#N)c(c1ccccc1)c2c3,0
Clc1ccc2Nc3ccccc3[C@H](N(O)c2c1)[N+]1CC[N+](C)CC1,0
Clc1ccc2Nc3ccccc3[C@H](N(O)c2c1)[N+]1CC[N+](C)CC1,0
O=C1NC(=O)C(CC)(C(=O)N1)C(C)CCC,0
Clc1ccc2[nH0](cc(c2c1)[C@H](CC[N+](CC1)CCN2CCNC2=O)1)c1ccc(cc1)CCOC,0
O=C(O)c(c1=O)cn(C2CC2)c(c13)c(OC)c(c(F)c3)N(C[C@@H]4C)CCN4,0
 c1(F)cc2c(c(cn(C3CC3)c2c(OC)c1N1C[C@@H]2[C@H](C1)CCCN2)C(O)=O)=O,0
 n1(c2c(cc(c(c2OC)N2C[C@@H](C)NCC2)F)c(c(c1)C(=O)O)=O)C1CC1,0
CCN(CC)CCNC(=O)c1ccc(N)cc1,0
O=[N+]([O-])c1cccc(c1)C1C(=C(NC(C)=C1C(=O)OCC)C)C(=O)OC,0
COc1cc2nc(nc(N)c2cc1OC)N3CCN(CC3)C(=O)C4CCCO4,0
O=C1C=CC2(C)CC(O)C3C(OC(=O)C3C)C2=C1C,0
C=1C(=O)C(C)=C2[C@@](C1)(C[C@@H]([C@H]1[C@@H](C(O[C@H]21)=O)C)O)C,0
O=C(O)COCCN3CCN(C(c1ccccc1)c2ccc(Cl)cc2)CC3,0
[S+2]([O-])([O-])(N)c1cc(ccc1OC)CC([N+]CCOc1ccccc1OCC)C,0
CC12CCC3C(C=CC4=CC(=O)CCC34C)C2CCC1(O)CCC(=O)O,0
O=C1C=C2C=CC3C4CCC(O)(CCC(=O)[O-])C4(C)CCC3C2(C)CC1,0
O=CCC1CC(C)C(O)C=CC=CCC(OC(=O)CC(OC(=O)C)C(OC)C1OC1OC(C)C(OC2OC(C)C(OC(=O)CC(C)C)C(O)(C)C2)C([N+](C)C)C1O)C,0
C1=CC=C(C=C1)C2(C(=O)NC(=O)N2)C3=CC=CC=C3,0
O=C1N2C(Cc3c4ccccc4[nH]c3C2c2ccc3OCOc3c2)C(=O)N(C)C1,0
CCOc1ccccc1OCCNC(C)Cc2ccc(OC)c(c2)S(=O)(=O)N,0
CCCc3nn(C)c4c(=O)[nH]c(c2cc(S(=O)(=O)N1CCN(C)CC1)ccc2OCC)nc34,0
C[C@H](N[C@@H](CCc1ccccc1)C(=O)O)C(=O)N2CCC[C@H]2C(=O)O,0
O=C(NCCN1CCCC1)c5ccc(CN4CCC(NC(=O)c3cc(=O)c2ccc(F)cc2o3)CC4)cc5F,0
O=C(Cn4cc(Nc2ncnc3cc(OCCCN1CCC[C@@H]1CO)ccc23)cn4)Nc5cccc(F)c5F,0
O=C(Cn4cc(Nc2ncnc3cc(OCCCN1CCC[C@@H]1COP(=O)(O)O)ccc23)cn4)Nc5cccc(F)c5F,0
c1cc2c(cc1)Cc1c(N3C(=NC[C@@H]23)N)cccc1,0
O=C(O)c4ccc(C2=CC1(CCNCC1)Oc3ccccc23)cc4,0
c1(c2nc3c(n(C)nc3CCC)c([nH]2)=O)c(ccc(c1)S(N1CCN(C)CC1)(=O)=O)OCC,0
CCCc3nn(C)c4c(=O)[nH]c(c2cc(S(=O)(=O)N1CCN(C)CC1)ccc2OCC)nc34,0
O=C(N)C(CC[N+](C(C)C)C(C)C)(c1[nH0]cccc1)c1ccccc1,0
 c1([C@@](c2ccccn2)(CCN(C(C)C)C(C)C)C(N)=O)ccccc1,0
O=C(OCC([N+](C)C)(CC)c1ccccc1)c1cc(OC)c(OC)c(OC)c1,0
Clc1ccc2[nH0](cc(c2c1)[C@H](CC[N+](CC1)CCN2CCNC2=O)1)c1ccccc1,0
O=C(NCCCN(C)c1[nH0]c(C)c2cc(OC)c(OC)cc2[nH0]1)C1OCCC1,0
C1COCCN1CCNC(=O)C2=CC=C(C=C2)Cl,0
CC(C(=O)C1=CC(=CC=C1)Cl)NC(C)(C)C,0
OC(=O)c1ccc(cc1)n2cc(C3CCN(CCN4CCNC4=O)CC3)c5cc(Cl)ccc25,0
O=C(Nc1cccc(C(F)(F)F)c1)Nc2ccc(Br)cc2c3nnn[nH]3,0
CCN(CC)C(=O)c4ccc(C2=CC1(CCNCC1)Oc3cccc(O)c23)cc4,0
NCc5ccc(F)c(C4CCN(C(=O)c3cc(C(=O)O)cc(c2nc(c1cccs1)no2)c3)CC4)c5,0
COc3ccc2c(=O)n(C[C@@H](O)CO)c(C#N)c(c1ccccc1)c2c3,0
CCOC(=O)C1(CCN(C)CC1)c2ccccc2,0
N1CCN(C1=O)CCN(CC2)CC[C@@H]2c3cn(c(c34)ccc(Cl)c4)-c(cc5)ccc5COO,0
COc4c(N2CC1CCCNC1C2)c(F)cc5c(=O)c(C(=O)O)cn(C3CC3)c45,0
c1(Cl)cc(c(OC)cc1)C(NCCc1ccc(cc1)S(NC(NC1CCCCC1)=O)(=O)=O)=O,0
C1C(C)=C(CC)C(=O)N1C(NCCc1ccc(S(NC(N[C@@H]2CC[C@H](CC2)C)=O)(=O)=O)cc1)=O,0
[S+2]([O-])([O-])([N-]C(=O)NC1CCC(C)CC1)c1ccc(cc1)CCNC(=O)N1CC(C)=C(CC)C1=O,0
[S+2]([O-])([O-])(Nc1ccc(cc1)C(O)C[N+]C(C)C)C,0
c1c(Cl)ccc(OC)c1C(=O)NCCc2ccc(cc2)S(=O)(=O)NC(=O)NC3CCCCC3,0
O=C1OC(CC)C(O)(C)C(O)C(C)C(=O)C(C)CC(O)(C)C(OC2OC(C)CC([N+](C)C)C2O)C(C)C(OC2OC(C)C(O)C(OC)(C)C2)C1C,0
O=C1OC(CC)C(O)(C)C(O)C(C)C(=O)C(C)CC(O)(C)C(OC2OC(C)CC([N+](C)C)C2O)C(C)C(OC2OC(C)C(O)C(OC)(C)C2)C1C,0
c1cc2S[C@H]([C@@H](OC(C)=O)C(N(c2cc1)CCN(C)C)=O)c1ccc(cc1)OC,0
O1COc2cc3c4[nH0+](cc5c(ccc(OC)c5OC)c4)CCc3cc12,0
c12c3c(cc4OCOc4c3)CC[n+]1cc1c(c(OC)ccc1c2)OC,0
c1(c(c2c(c(F)c(cc2n(c1)C1CC1)N1C[C@@H](C)NCC1)C)=O)C(=O)O,0
CN(C)CCCOc4ccc(CN3CCC(NC(=O)c2cc(=O)c1ccc(F)cc1o2)CC3)cc4F,0
CS(=O)(=O)N6CCN(Cc5cc4nc(c1cccc2[nH]ncc12)nc(N3CCOCC3)c4s5)CC6,0
CC(C)CN1CC2CN(CC(C)C)CC(C1)C23CCCCC3,0
COc3ccc2c(=O)n(CCO)c(C#N)c(c1cccc(F)c1)c2c3,0
S1C(=CNC1C(O)(C(F)(F)F)C(F)(F)F)C(c1cc[nH0+]([O-])cc1)c1ccc(OC(F)F)c(OC(C)(C)C)c1,0
CCN(CC)C(=O)c4ccc(C2=CC1(CCNCC1)Oc3cc(O)ccc23)cc4,0
CC[C@@H]3OC(=O)[C@H](C)[C@@H](OC1C[C@](C)(OC)C(O)[C@@H](C)O1)[C@H](C)[C@@H](O[C@H]2OC(C)C[C@@H](N(C)C)C2O)[C@](C)(OC)C[C@@H](C)C(=O)[C@@H](C)[C@@H](O)[C@]3(C)O (,0
O([C@H]1[C@@](C[C@H](C([C@@H]([C@H]([C@](C)(O)[C@H](OC([C@@H]([C@H]([C@@H]1C)O[C@@H]1C[C@@]([C@@H](O)[C@@H](O1)C)(OC)C)C)=O)CC)O)C)=O)C)(OC)C)[C@@H]1[C@@H]([C@@H](C[C@@H](O1)C)N(C)C)O,0
COc4c(N2CC1CCCNC1C2)c(F)cc5c(=O)c(C(=O)O)cn(C3CC3)c45,0
S1C(=CNC1C(O)(C)C)[C@H](c1cc[nH0+]([O-])cc1)c1ccc(OC(F)F)c(OC(C)(C)C)c1,0
CCC1OC(=O)C(C)C(=O)C(C)C(OC2OC(C)CC(C2O)N(C)C)C(C)(CC(C)C(=O)C(C)C3N(CCCCn4cnc(c4)c5cccnc5)C(=O)OC31C)OC,0
n1(c2c(cc(c(c2OC)N2C[C@@H](C)NCC2)F)c(c(c1)C(=O)O)=O)C1CC1,0
CCC1OC(=O)C(C)C(=O)C(C)C(OC2OC(C)CC(C2O)N(C)C)C(C)(CC(C)C(=O)C(C)C3N(CCCCn4cnc(c4)c5cccnc5)C(=O)OC31C)OC,0
FC(F)Oc1ccc(cc1OC(C)C)[C@H](C1=CNC(C=C1)C(O)(C)C)C=1C=NC(=O)CC=1,0
CN6CCN(Cc1ccc4c(c1)Cc5c(c3csc(C#CCOc2ccccc2)c3)n[nH]c45)C(=O)C6,0
CC1=NN=C2N1C3=C(C=C(C=C3)Cl)C(=NC2)C4=CC=CC=C4Cl,0
 c1(c(c2c(c(F)c(cc2n(c1)C1CC1)N1C[C@@H](C)NCC1)C)=O)C(=O)O,0
 C1(c2c(cccc2)[N+](=O)[O-])C(=C(NC(=C1C(OC)=O)C)C)C(OC)=O,0
 C1[C@@H](C)N(C)C(\C1(c1ccccc1)c1ccccc1)=C\C,0
S([P+](Sc1ccccc1)([O-])OCC)c1ccccc1,0
[S+2]([O-])([O-])(Nc1ccc(cc1)C(=O)NCC[N+](CC)CC)C,0
O=C1N(CCC1[N+]Cc1[nH0](c[nH0]c1)Cc1ccc(C#N)cc1)C(=O)c1ccc[nH0]c1[O-],0
O=C1N(CCC1[N+]Cc1[nH0](c[nH0]c1)Cc1ccc(C#N)cc1)C(=O)c1ccc[nH0]c1N,0
C[C@H]1CN(CCN1)c2cc3c(-c(C)c2F)c(=O)c(cn3C4CC4)C(O)=O,0
O=[N+]([O-])c1ccccc1C1C(=C(NC(C)=C1C(=O)OC)C)C(=O)OC,0
CCN(CC)CCNC(=O)c1ccc(N)cc1,0
CCN(CC)C(=O)c4ccc(C2=CC1(CCN(C(C)=O)CC1)Oc3ccccc23)cc4,0
O([C@H]1[C@@](C[C@H](C([C@@H]([C@H]([C@](C)(O)[C@H](OC([C@@H]([C@H]([C@@H]1C)O[C@@H]1C[C@@]([C@@H](O)[C@@H](O1)C)(OC)C)C)=O)CC)O)C)=O)C)(OC)C)[C@@H]1[C@@H]([C@@H](C[C@@H](O1)C)N(C)C)O,0
FC(F)Oc1ccc(cc1OC(C)C)[C@@H](C1=CNC(C=C1)C(O)(C)C)c1c[nH0+]([O-])ccc1,0
c12c(c(n(CCN3CCC(C(c4ccc(F)cc4)=O)CC3)c([nH]1)=O)=O)cccc2,0
COc4ccc(CC(=O)Nc1cc2c(cc1N(=O)=O)OC(C)(C)[C@H](O)[C@H]2NC3CC3)cc4,0
Cc1cccc(C)c1NC(=O)C2CCCCN2CC3CC3,0
[H][C@@]1(O)C4[C@@H]5C[C@]13c2ccccc2N(C)C3[C@]6([H])C[C@]4([H])[C@]([H])(CC)[C@@H](O)N56,0
FC(F)Oc1ccc(cc1OC(C)C)[C@H](C1=CNC(C=C1)C(O)(C)C)c1c[nH0+]([O-])ccc1,0
O=C(NC3CCN(Cc2ccc(OCCCN1CCCCC1)c(F)c2)CC3)c5cc(=O)c4ccc(F)cc4o5,0
FC(F)Oc1ccc(cc1OC(C)C)[C@H](C1=CNC(C=C1)C(O)(C)C)c1cc[nH0+]([O-])cc1,0
[H][C@@]13CNC[C@@H](C)N1c2nc(Cl)ccc2C3,0
CCCCN1CCCCC1C(=O)NC2=C(C=CC=C2C)C,0
CCN(CC)CCOC(=O)C1=CC=C(C=C1)N,0
c1(F)cc2c(c(cn(C3CC3)c2c(OC)c1N1C[C@@H]2[C@H](C1)CCCN2)C(O)=O)=O,0
S1C(=CNC1C(O)(C(F)(F)F)C(F)(F)F)C(c1c[nH0+]([O-])ccc1)c1ccc(OC(F)F)c(OC(C)C)c1,0
S1C(=CNC1C(O)(C(F)(F)F)C(F)(F)F)[C@H](c1c[nH0+]([O-])ccc1)c1ccc(OC(F)F)c(OC(C)C)c1,0
CC[C@@H]3OC(=O)[C@H](C)[C@@H](OC1C[C@@](C)(OC)[C@@H](O)[C@H](C)O1)[C@H](C)[C@@H](OC2O[C@H](C)C[C@H](N(C)C)[C@H]2O)[C@](C)(OC)C[C@@H](C)C(=NOCOCCOC)[C@@H](C)[C@@H](O)[C@]3(C)O ,0
Clc1ccc2[nH0](cc(c2c1)[C@H](CC[N+](CC1)CCN2CCNC2=O)1)c1ccc(cc1)COC,0
c1(c(c2c(c(F)c(cc2n(c1)C1CC1)N1C[C@@H](C)NCC1)C)=O)C(=O)O,0
CCCCN1CCCCC1C(=O)Nc2c(C)cccc2C,0
CN(C(=O)c2ccc(c1ccc(F)cc1)nc2)[C@H]5CCc4cc(CN3CCNC(=O)C3)ccc4C5,0
O=C(NC3CCN(Cc2ccc(OCCCN1CCOCC1)c(F)c2)CC3)c5cc(=O)c4ccc(F)cc4o5,0
COc3ccc2c(=O)n(CC(O)CO)c(C#N)c(c1cccc(F)c1)c2c3,0
CCCc3nn(C)c4c(=O)[nH]c(c2cc(S(=O)(=O)N1CCN(C)CC1)ccc2OCC)nc34,0
C1CN(CCN1CCOCC(=O)O)C(C2=CC=CC=C2)C3=CC=C(C=C3)Cl,0
CN1C(=O)CN=C(C2=C1C=CC(=C2)Cl)C3=CC=CC=C3,0
 N1([C@@H](c2ccc(Cl)cc2)c2ccccc2)CCN(CCOCC(O)=O)CC1,0
Clc1ccc(cc1)C([N+]1CC[N+](CC1)CCOCC(=O)[O-])c1ccccc1,0
O(C)c1ccc(cc1OC)C(C#N)(CCC[N+]C)C(C)C,0
O(C)c1ccc(cc1OC)C(C#N)(CCC[N+])C(C)C,0
[H]N(C(=O)c2ccc(c1ccc(OC(F)(F)F)cc1)o2)c3cccc(C)c3,0
[H]N(C(=NC#N)c2ccc(c1ccc(Cl)cc1)o2)c3cccc(C)c3,0
[H]N(C(=O)c2ccc(c1ccc(Cl)cc1)o2)c3cc(OC)cc(OC)c3,0
[H]N(C(=O)c2ccc(c1ccc(Cl)cc1)o2)c3cc(C)ccn3,0
CN(C)Cc4ccc3C[C@@H](N(C)C(=O)c2ccc(c1ccccn1)cc2)CCc3c4,0
CN(C(=O)c2ccc(c1ccccn1)cc2)[C@H]5CCc4cc(CN3CCS(=O)(=O)CC3)ccc4C5,0
O=C(O)COCCN3CCN(C(c1ccccc1)c2ccc(Cl)cc2)CC3,0
CCc3c(C)[nH]c2CCCC(=NOC(=O)Nc1ccccc1)c23,0
CCc2c(CC)n(C)c3CCCC(=NOC(=O)Nc1ccccc1)c23,0
[H][C@@]14CNC[C@@H](C)N1c3nc(COCC2CC2)ccc3C4,0
NCc5cccc(C4CCN(C(=O)c3cc(C(N)=O)cc(c2nc(c1cccs1)no2)c3)CC4)c5,0
O(CC[N+](C)C)C(c1ccccc1)c1ccccc1,0
[H][C@]1(CCCCN1)C(=O)N2CCN(CC2)c3nc(NCc4ccc(Cl)cc4Cl)c5cccnc5n3,0
CNCCCC24CCC(c1ccccc12)c3ccccc34,0
[H][C@H]1CC[C@@H](C#N)C1C(=O)C3CN(Cc2cc(C)c(C#N)c(C)c2)C[C@@H]3N,0
O(CC[N+](C)C)C(c1ccccc1)c1ccccc1,0
 C(c1ccccc1)(c1ccccc1)OCCN(C)C,0
CCCc1cn(c(c12)ccc(Cl)c2)-c3ccc(F)cc3,0
FC(F)Oc1ccc(cc1OC(F)F)[C@@H](C1=CNC(C=C1)C(O)(C)C)c1cc[nH0+]([O-])cc1,0
CC1=CC=CC=C1S(=O)(=O)NC(=O)C2=CC(=C(C=C2)CC3=CN(C4=C3C=C(C=C4)NC(=O)OC5CCCC5)C)OC,0
CC(C)NCC(COC1=CC=CC2=CC=CC=C21)O,0
CCCc1cn(c2ccc(F)cc2)c3ccc(Cl)cc13,0
CC(=O)SC1CC2=CC(=O)CCC2(C)C3CCC4(C)C(CCC54CCC(=O)O5)C13,0
O=C(OCC#CC[N+](CC)CC)C(O)(c1ccccc1)C1CCCCC1,0
CC(=O)N5CCN(Cc4ccc3CC([N@]2CCN(CCc1ccc(F)cc1)CC2=O)CCc3c4)CC5,0
CN(C)C(=O)C(CO)N(C)Cc4ccc3CC([N@]2CCN(CCc1ccc(F)cc1)CC2=O)CCc3c4,0
CCN1CCN(CC1)c2ccc(cn2)C(C)(C)NC(=O)c3cc4[nH]c5ccccc5c(=O)c4cc3F,0
C[C@@H](Oc4cccc5ncnc(Nc3ccc1c(cnn1c2ccccn2)c3)c45)C(=O)N(C)C,0
COc1cc(N)c(Cl)cc1C(=O)N[C@@H]4CCN(CCCCCC(=O)O[C@H]2CN3CCC2CC3)C[C@@H]4OC,0
[H]N(C(=O)c2ccc(c1ccc(Cl)cc1)o2)c3cccc(C)c3,0
O=C2CN(CCc1ccc(F)cc1)CCN2C5CCc4cc(CN3CCS(=O)(=O)CC3)ccc4C5,0
O=C2NC[C@@H](c1ccc(F)cc1)C25CCN([C@@H]3COCC[C@@]3(O)c4ccccc4)CC5,0
c12n(C3CC3)cc(c(c2c(c(F)c(c1F)N1C[C@@H](N[C@@H](C1)C)C)N)=O)C(O)=O,0
Fc1ccc([nH0]2cc(c3ccccc23)[C@H](CC[N+](CC2)CCN3CCNC3=O)2)cc1,0
[N+]=1CCNC=1C1CC1(c1ccccc1)c1ccccc1,0
O=C(O)C(C)(C)c1ccc(cc1)[C@@H](O)CCCN(CC2)CCC2C(O)(c3ccccc3)c4ccccc4,0
CC(=O)SC1CC2=CC(=O)CCC2(C)C3CCC4(C)C(CCC54CCC(=O)O5)C13,0
C[C@@H](Oc4cccc5ncnc(Nc3ccc1c(cnn1Cc2nccs2)c3)c45)C(=O)N6CCOCC6,0
FC(F)Oc1ccc(cc1OC(F)F)[C@H](C1=CNC(C=C1)C(O)(C)C)c1cc[nH0+]([O-])cc1,0
Clc1ccc2Sc3ccccc3N(CCC[N+]3CC[N+](C)CC3)c2c1,0
FC(F)Oc1ccc(cc1OC1CCC1)C(C1=CNC(C=C1)C(O)(C)C)c1cc[nH0+](O)cc1,0
CN6CCN(Cc5ccc4cc(n3cnc2cc(c1ccc(Cl)cc1)sc2c3=O)ccc4n5)CC6,0
CN(C)CCCN1c2ccccc2Sc3ccc(Cl)cc13,0
Clc1ccc(cc1)C(CC[N+](C)C)c1[nH0]cccc1,0
S1C(=CNC1C(O)(C(F)(F)F)C(F)(F)F)C(c1cc[nH0+]([O-])cc1)c1ccc(OC(F)F)c(OC(C)C)c1,0
O=C1N(CCC1[N+]Cc1[nH0](c[nH0]c1)Cc1ccc(C#N)cc1)C(=O)c1ccc[nH0]c1OC,0
CCc3c(C)[nH]c2CCCC(=NNC(=O)Nc1ccccc1)c23,0
[H][C@@]13CNC[C@@H](C)N1c2nc(C)ccc2C3 ,0
Nc2nnc(c1cccc(Cl)c1Cl)c(N)n2,0
O=C4CCc3cc(C(O)CN2CCC(O)(c1cccc(F)c1)CC2)ccc3N4,0
 c1([C@@H](c2ccccn2)CCN(C)C)ccc(Cl)cc1,0
C1CC2(CCCN2C1)CC(Nc1c(C)cccc1C)=O,0
O=C(Nc1c(C)cccc1C)CC12[N+](CCC1)CCC2,0
O=C(Nc1c(C)cccc1C)C1[N+](CCCC1)CC1CC1,0
CN(C)Cc4ccc3C[C@@H](N(C)C(=O)c2ccc(c1ccccc1)cn2)CCc3c4,0
CC(=O)N5CCN(Cc4ccc3C[C@@H](N(C)C(=O)c2ccc(c1ccccn1)cc2)CCc3c4)CC5,0
Cc4cc3c(F)c(Oc1ncnn2cc(OCCCS(C)(=O)=O)c(C)c12)ccc3[nH]4,0
CC1=CC2=C(NC3=CC=CC=C3N=C2S1)N4CCN(CC4)C,0
Cc1cccc(C)c1NC(=O)CC23CCCN3CCC2,0
COc1cc2nc(nc(N)c2cc1OC)N3CCN(CC3)C(=O)C4CCCO4,0
CCN(CC)C(=O)c4ccc(C2=CC1(CCNCC1)Oc3ccc(O)cc23)cc4,0
[H][C@H]1CC[C@@H](C#N)C1C(=O)C3CN(Cc2ccc(C#N)c(C)c2)C[C@@H]3N,0
CCN(CC)C(=O)c4ccc(C2=CC1(CCNCC1)Oc3c(O)cccc23)cc4,0
O=C(N1CCN(CC1)c1[nH0]c(N)c2cc(OC)c(OC)cc2[nH0]1)C1Oc2ccccc2OC1,0
 c12n(C3CC3)cc(c(c2c(c(F)c(c1F)N1C[C@@H](N[C@@H](C1)C)C)N)=O)C(O)=O,0
Cc4cc3c(F)c(Oc1ncnn2cc(OC[C@@H](C)O)c(C)c12)ccc3[nH]4,0
COC[C@@H](O)COc4cn3ncnc(Oc2ccc1[nH]c(C)cc1c2F)c3c4C,0
O=C(O)c(c1=O)cn(C2CC2)c(c13)c(F)c(c(F)c3N)C(C[C@H]4C)C[C@@H](C)N4,0
COc1cc2nc(nc(N)c2cc1OC)N3CCN(CC3)C(=O)C4CCCO4,0
 c1cc2S[C@H]([C@@H](OC(C)=O)C(N(c2cc1)CCN(C)C)=O)c1ccc(cc1)OC,0
CN(C)CCN1C(=O)[C@@H](OC(=O)C)[C@H](c2ccc(cc2)OC)Sc(c13)cccc3,0
NCc5ccc(F)c(C4CCN(C(=O)c3cc(C(N)=O)cc(c2nc(c1cccs1)no2)c3)CC4)c5,0
O=C(NC1CC1)c4cc(NCc3cnc(Nc2ccccn2)s3)c(F)cc4F,0
COc3ccc2c(=O)n(C[C@@H](O)CO)c(C#N)c(c1cccc(C(F)(F)F)c1)c2c3,0
COCCCC/C(=N\OCCN)/C1=CC=C(C=C1)C(F)(F)F,0
CC(C)CC(C1(CCC1)C2=CC=C(C=C2)Cl)N(C)C,0
CCC(O)(CC)c1cn(c2ccc(F)cc2)c3ccc(Cl)cc13,0
CCC(O)(CC)c1cn(c(c12)ccc(Cl)c2)-c3ccc(F)cc3,0
CC(C)(C)NC(=O)[C@@H]2CC1CCCCC1CN2C[C@@H](O)[C@H](Cc3ccccc3)NC(=O)[C@H](CC(N)=O)NC(=O)c5ccc4ccccc4n5,0
CC(C)(C)NC(=O)[C@@H]2CC1CCCCC1CN2C[C@@H](O)[C@H](Cc3ccccc3)NC(=O)[C@H](CC(N)=O)NC(=O)c5ccc4ccccc4n5,0
O=C(Nc1c(C)cccc1C)C[N+]1CC[N+](CC1)CC(O)COc1ccccc1OC,0
s1c2Nc3ccccc3N=C(N3CC[N+]CC3)c2cc1C,0
S(CC)c1[nH0]cccc1C(=O)N1CCC([N+]Cc2[nH0](c[nH0]c2)Cc2ccc(C#N)cc2)C1=O,0
CN(C)Cc4ccc3C[C@@H](N(C)C(=O)c2ccc(c1ccc(Cl)cc1)cn2)CCc3c4,0
CC(=O)N5CCN(Cc4ccc3C[C@@H](N(C)C(=O)c2ccc(c1ccc(F)cc1)cn2)CCc3c4)CC5,0
COc3ccc2c(=O)n(C)c(C#N)c(c1ccccc1)c2c3,0
O=C2NCC(c1ccccc1)C25CCN(C4(c3ccccc3)CCCOC4)CC5,0
Cc3n[nH]c4ccc(c2cncc(OC[C@@H](N)Cc1ccccc1)c2)cc34,0
CCN(CC)Cc4ccc3CC([N@]2CCN(CCc1cccs1)CC2=O)CCc3c4,0
CN(C)CCCn5cc(c3c(c1c[nH]c2ccccc12)c(=O)[nH]c3=O)c4ccccc45,0
O=C(O)C(C)(C)c1ccc(cc1)[C@@H](O)CCCN(CC2)CCC2C(O)(c3ccccc3)c4ccccc4,0
CS(=O)(=O)N5CCN(Cc4ccc3CC([N@]2CCN(CCc1ccc(F)cc1)CC2=O)CCc3c4)CC5,0
O=C4CCc3cc(C(O)CN2CCC(O)(c1cccc(F)c1)CC2)ccc3N4,0
CNc4noc5c(c3ccc2c(N1CCOC[C@@H]1C)nncc2c3)c(C)ccc45,0
[S+2]([O-])([O-])(N1CC[N+](CC1)CC)c1ccc(OCC)c(c1)C1=NC(=O)c2[nH0](N1)c([nH0]c2C)CCC,0
CCCc3nc(C)c4c(=O)[nH]c(c2cc(S(=O)(=O)N1CCN(CC)CC1)ccc2OCC)nn34,0
c12n(C3CC3)cc(c(c2c(c(F)c(c1F)N1C[C@@H](N[C@@H](C1)C)C)N)=O)C(O)=O,0
C[C@H]1CN(C[C@H](N1)C)C2=C(C3=C(C(=C2F)N)C(=O)C(=CN3C4CC4)C(=O)O)F,0
O=C(OC1CC2CC3CC(C1)N2CC3=O)c4c[nH]c5ccccc45,0
O=C1OC(CC(O)C1)CCC1C(C)C=CC2=CC(C)CC(OC(=O)C(C)CC)C21,0
 C1C2C[C@@H]3C[C@@H](C[C@@H]1[N@@]3CC2=O)OC(c1c2c(cccc2)[nH]c1)=O,0
O=C(OC1CC2[N+]3CC(O)C(C2)CC3C1)c1c[nH]c2ccccc21,0
s1c2Nc3ccccc3N=C(N3CC[N+](C)CC3)c2cc1CO,0
COCCOC#Cc5cc(c3n[nH]c4c2cc(Cn1cncn1)ccc2Cc34)cs5,0
[H][C@@](O)(CN2C[C@@]1([H])CCCC[C@]1([H])C[C@]2([H])C(=O)NC(C)(C)C)[C@@]([H])(CSc3ccccc3)NC(=O)c4cccc(O)c4C ,0
Clc1ccc2[nH0](cc(C[N+](C)C)c2c1)c1ccc(F)cc1,0
[S-]c1[nH0]cccc1C(=O)N1CCC([N+]Cc2[nH0](c[nH0]c2)Cc2ccc(C#N)cc2)C1=O,0
O=C2CN(CCc1ccc(F)cc1)CCN2C5CCc4cc(CN3CCOCC3)ccc4C5,0
O=C2NCC(c1ccccc1)C25CCN(C4(c3ccccc3)CCOCC4)CC5,0
 c12c3c(cccc3)[nH]c1cccc2OC[C@@H](CNCCOc1c(cccc1)OC)O,0
OC(COC1=CC=CC2=Nc3ccccc3C21)C[N+]CCOc1ccccc1OC,0
CC(C)(C)N3CCC(c1ccccc1)(c2ccccc2)CC3,0
O=C(N1CCN(CC1)c1[nH0]c(N)c2cc(OC)c(OC)cc2[nH0]1)c1occc1,0
CC1=CC=C(C=C1)C2=CC(=NN2C3=CC=C(C=C3)S(=O)(=O)N)C(F)(F)F,0
C1CN(CCN1CCOCCO)C2=NC3=CC=CC=C3SC4=CC=CC=C42,0
OC(COc1cccc2ccccc12)C[N+]C(C)C,0
O=C1N(CC(C)C)c2[nH0]c[nH]c2C(=O)N1C,0
Clc1ccc2[nH0](cc(c2c1)C1=CC[N+](CC1)CCN1CCNC1=O)c1ccc(F)cc1,0
O=C1N(CCC1[N+]Cc1[nH0](c[nH0]c1)Cc1ccc(C#N)cc1)C(=O)c1ccc[nH0]c1C,0
CN(C)Cc4ccc3C[C@@H](N(C)C(=O)c2ccc(c1ccc(F)cc1)nc2)CCc3c4,0
CN(C)C(=N)c4ccc(C(=O)Nc2ccc(Oc1ccc(C(=O)O)cc1)cc2C(=O)Nc3ccc(Cl)cn3)cc4,0
CN(C)C(=N)c3ccc(C(=O)Nc1ccc(CCC(=O)O)cc1C(=O)Nc2ccc(Cl)cn2)cc3,0
CN(C)C(=N)c3ccc(C(=O)Nc1ccc(OCC(=O)O)cc1C(=O)Nc2ccc(Cl)cn2)cc3,0
N=C(c3ccc(C(=O)Nc1ccc(Cl)cc1C(=O)Nc2ccc(Cl)cn2)cc3)N4CCCC(C(=O)O)C4,0
N=C(c3ccc(C(=O)Nc1ccc(Cl)cc1C(=O)Nc2ccc(Cl)cn2)cc3)N4CCC(C(=O)O)CC4,0
COc2cc(Cl)cc(C(=O)Nc1ccc(Cl)cn1)c2NC(=O)c4ccc(C(=N)N3CCC(C(=O)O)CC3)cc4F,0
CN(C)C(=N)c4ccc(C(=O)Nc1ccc(Cl)cc1C(=O)Nc2ccc(Cl)cn2)c(N3CCC(C(=O)O)CC3)c4,0
COc4ccc(NC(=O)c1ccc(C(=N)N(C)C)cc1N2CCC(C(=O)O)CC2)c(C(=O)Nc3ccc(Cl)cn3)c4,0
CN1CCN=C1c6ccc(C(=O)N4CCN(S(=O)(=O)c3cc2ccc(Cl)cc2s3)CC4CC(=O)N5CCCC(C(=O)O)C5)cc6,0
CN1CCN=C1c6ccc(C(=O)N4CCN(S(=O)(=O)c3cc2ccc(Cl)cc2s3)CC4CC(=O)N5CCC(C(=O)O)CC5)cc6,0
CN(C)C(=N)c4ccc(CN3C(=O)CN(S(=O)(=O)c2cc1cc(Cl)ccc1[nH]2)C[C@@H]3CC(=O)O)cc4,0
Cc5cc(C(=O)Nc2ccc(C(=N)N1CCCC1)cc2)n(c4cc3ccccc3cc4C(=O)O)n5,0
CC(=C(F)C(=O)N(CC(=O)O)c2ccc(c1ccccc1S(N)(=O)=O)cc2)c3ccc(C(=N)N)cc3,0
CC(=N)N4CCC(Oc3ccc(N(Cc2ccc1ccc(C(=N)N)cc1c2)S(=O)(=O)CC(=O)O)cc3)CC4,0
Cc6cc(C(=O)Nc3ccc(c1ccccc1CN2CCC(C(=O)O)CC2)cc3F)n(c5cc4ccccc4cc5F)n6,0
COc4ccc3c(=O)n(CC(CO)NCc1cccnc1)c(C#N)c(c2ccccc2)c3c4,0
COc4cc3c(Nc2ncc(CC(=O)Nc1cccc(F)c1)s2)ncnc3cc4OCCCN5CCC(CO)CC5,0
c1c(Cl)ccc(c12)n(cc2C(C)C)-c3ccc(F)cc3,0
CC(C)(C)c(c1)ccc(c12)n(cc2)-c3ccc(F)cc3,0
c1c(Cl)ccc(c12)n(cc2C(=O)C)-c3ccc(F)cc3,0
CN(C)CCC=C1c(cccc2)c2CCc(c13)cccc3,0
NC(N)=Nc1nc(CSCCC(N)=NS(N)(=O)=O)cs1,0
C[C@H]([C@H](O)c2ccc1NC(=O)CCc1c2)N4CCC(O)(c3cccc(F)c3)CC4,0
C[C@@H]([C@@H](O)c2ccc1NC(O)CCc1c2)N4CCC(O)(c3ccccc3)CC4,0
Oc3ccc(OCCN2CC[C@](O)(Cc1ccccc1)[C@H](O)C2)cc3,0
Oc3ccc(OCCN2CC[C@@](O)(Cc1ccccc1)[C@@H](O)C2)cc3,0
Oc3ccc(OCCN2CC[C@@](O)(Cc1ccccc1)[C@@H](O)C2)cc3,0
O=S(=O)(CCN2CC[C@@H](Cc1ccccc1)[C@H](O)C2)c3ccc(O)cc3,0
Cc3nc(N1CCCC1)nc4ccc(NC(=O)COc2ccc(Cl)cc2)cc34,0
[H][C@H]1CC[C@@H](C#N)C1C(=O)C3CN(C(C)c2ccc(C#N)cc2)C[C@@H]3N,0
 C=1([C@@H](C(=C(C)NC1C)C(OC)=O)c1cc(ccc1)[N+](=O)[O-])C(OCC)=O,0
 c1(c2c(cccc2)oc1CCCC)C(c1cc(c(OCCN(CC)CC)c(c1)I)I)=O,0
 C1(\c2c(CCc3c1cccc3)cccc2)=C\CCN(C)C,0
c12n(c(n(C)c(c1[nH]cn2)=O)=O)CC(C)C,0