Seq,Label
WSHPSFYPFR,1
WLMACFFVFR,0
WTVDGLYEYD,1
WRATSFYLNT,0
WRSIAFFMFA,0
YGLRGFYVLT,1
WFEFDPYKFR,0
WYVFHSFPIL,0
WDLYDSYMYT,0
FLRISFYVLP,0
YFNFHHYLYR,0
WADASMYLFV,1
WLIPHSYNNR,0
YYKFRLFQFH,0
YAVVGFYTLD,1
YIRLGFYPLM,1
FNTVAFFENG,0
FVLHNPYVLD,0
FHAPSFYQFQ,1
WNGCAMYTFV,0
FVVYHHFPIV,0
WVVGGLYPNV,0
WGSPGMYQIP,1
FSVSDSFQHI,0
WAEGDSYPIR,0
WQLCGLYVFV,1
WLVANFFMFR,1
YLRFAMYMFA,1
FLVGAFFTYG,0
WTSPAMYAHS,1
FFNVSYFTYG,0
YTVGSSFNFQ,0
FSHSGFFTFL,0
YNDCSSYTYT,1
FIAFGLYLIP,0
WVHSHFFAFR,1
YREGRPYPFL,0
YFDTNHYEFQ,0
YCQRDSYNYT,0
WSECGFYAFA,1
WSVCSMYAHV,0
FVVCGFFPFP,0
WPNSGMYMLS,0
YPACAMFMYA,0
WINTGFYVHD,1
WMSASMYVFP,0
FTNSSHFNLR,0
YCHAGYYMIG,0
WIVISFYAIN,0
WRSCGFYLHD,0
WIIDALYMIG,0
WRDCGHFEIN,0
FVVSGFFKHG,0
FGNHSFYAHP,1
WAQDSYFPLN,0
FSEFGLFQLH,0
WTANAFFKIP,0
WYVARHYEIE,0
WGAHGFYVFP,1
YSNFNHFNFK,0
FVLCSHFPNR,0
WCVGSSFVLP,1
WLGCSFYAFN,1
WVDTGFYVFR,0
YNNRDYYPFD,0
WLESHSFAYA,0
WDIYGFYAFD,1
WRVCSMYVFD,1
FDLDGFYLLG,0
YGMTHSYQLS,1
YGTCSFYEFA,1
FGERDLFAYG,1
WSRLALFAFP,0
FPQLHYFHHI,0
FSPIAMYKFI,0
WDNTSMYMFD,0
FVVCHFYMLK,0
FRALGFYPFS,0
WPNSNPYPYS,0
FVGCSFYEHA,0
WRAPGFFLIA,1
FGVGGFYAYN,1
YHSVGFYANT,1
WCLSGLYQHG,0
WTLSNFYMIE,0
FSMCNLYDYH,0
FCVFSVFLLK,0
FGVCNPFTNK,0
WVSLGLYLYD,0
WTNPGMYMNP,0
WNHHSPYAFD,0
FAVDGLYAFL,1
YGHCGMFVLM,0
YGLGRLYINI,0
WLVCHLFVFD,1
WNLFSFFAIN,0
WDVCSMYKYD,0
WSDGGYYPLG,0
WGSNGFYKNP,0
YLRNGFYAYA,1
YGPCAFYMNL,0
YIMPHLFMFD,0
WGHVAFYLFC,1
YYDISHYAHI,0
WTGLGFYAFP,1
FDEAHYFHLT,0
WCMAGSYMYN,0
YRMGCYFVFG,1
WMSHGMYPFK,1
YITSGFFVFG,0
WRRISFYPFI,0
WYVCDFFMNH,0
WMTCAFYVLS,0
WIDLNSYNHR,0
WSKFRFFINR,0
WSDGNSFEFD,0
FTSSGFYPID,0
YLDGAFFKFR,0
WCITHFFPIN,0
YAGPGLYAIH,1
YGKDGLFAFN,1
WENCALFAFR,1
YMTVAFFALP,0
FMALAFFAFP,1
FIQCRHFQHS,0
FAVIRPFPLK,1
WMTHSMYAFA,1
WGVDAFFQFR,0
WHEGSSFLIH,0
WGVTGSFAFD,1
YCHNNYFVLA,0
SSLSHHFKNG,0
WGHFGLYTLT,0
SRINSMYAID,0
FGHSNSYIYV,0
WAQPGFYAHD,1
WINCGLYTHG,0
WDDTGLYEYM,0
FINSSFYLFI,0
FTDPGFFQLG,0
YPVARFYPFP,0
WTETGFYEFS,1
FTKGGMFALV,0
FFVFCPFTHI,0
WNAFAFYAYV,1
WHVPSMYPLI,0
FGESNYYVFR,0
FCQSHHFPFQ,0
WGKRSFYAFT,1
YTGNGFYVFN,1
WGHRGFYLLD,1
WCDGHFYHYG,0
FTITAFFPFR,0
WMDYGFYAFD,1
FLMSNFYTFP,1
WIYCSLYKNG,0
WIICGMYAYN,0
FYQGDPFTLG,0
WVLCSFYDIL,0
FRNNGFYMFD,1
WIDSAMFAHP,0
WLMDRLFLYD,0
FNIGSFYEYP,0
WLGLGFYPLI,1
WIKSGFFQFG,1
WIPYSLYQYI,0
WIPLAMFPLG,0
WCIPNFYVNR,0
WVKLSLYTIL,0
FYNSDPYTLS,0
FIKCRFFVNR,0
WRPPSFYAYD,1
WPGIGMYVHD,1
YRVIGSYPHG,0
YITGGLFAFI,1
FFKARLFTLA,0
WSKFGFYAHD,1
WLRLSMYAFA,1
WDLGGLYAYG,1
WVDVSFFMLI,0
YDVASFYKLV,0
WHECGSYTFP,0
FNNVSLYKID,0
WGRGSLYEFD,1
WTMHGFYTFN,1
YPHTAFYPNW,0
WIDHAFYLIV,0
WRTPAFYQFA,1
YNQSNPYTNA,0
WRETNPFDYR,0
FGMSHFFTLD,0
YDHCHLYEIT,0
WAIAGSFINR,0
YGHLGFFMFA,1
YTMINLYDNT,0
WGEAGFYAHT,1
FKIPGFYEIP,0
WRDSGFYALV,0
WRVHNYFTNT,0
FSQNSFYAIH,0
WDMPGFYVYR,0
YDGYGFYMFV,1
FLAVGFYMFD,1
FGLTGFYEFQ,1
YHMASFYAFT,1
FPRRAMYPFM,0
WDLLSLFELT,0
WIENSFYMID,1
WHRGSLYTFA,0
WVICDFFNFD,1
WCQDCLFNIS,0
FNVGAMYTLA,0
WANGGFYLFV,1
YFDHHFFVFP,0
FVGCGLFVFR,0
WLALSFYMFD,1
YGLAGMFAIV,1
FARIGLYQFD,1
FYMTGFFIHL,0
WGVCGYYLFM,0
WFITSFYIFD,1
YSDNDFFMFG,1
YSQGSHYVYY,1
YNDGYFFPNH,0
YTKVGFYENP,0
WDVNSPYPIM,0
WNIPSFYTFL,1
FGHVSYYTYA,0
FPEPGFYTLK,0
WTVLNYYHLH,0
YIAFGMYTFV,0
WDMTSPYKNT,0
FGKTGMYQFD,0
WSVRHSFEHS,0
WIVVGLYVYN,0
WSGNAMYPFR,0
WNDARYYVLN,0
WDGCGFYVYA,1
WERLGMYVYL,1
YMGFGFYAFD,1
WRVSSFYVFK,0
FVMRGFYAYV,0
WFLSGSFDFD,1
WDDTAFYLYV,1
FPECGPFVYP,0
FRENRSFPIT,0
FRTDSMYQIL,0
WSICNSYPHH,0
YLRSGFYTFP,1
FGIGGSFAFA,1
FSQPNHYIYN,0
FIGVGFFVLL,0
YGIFHLYKFE,0
YRNFHYFNNG,0
YPAFAMFPIA,0
FRTDGMYEIP,0
FPLTNFFQNP,0
WAKPGHYDNG,0
WSQYHPFVFN,0
WLGDSFYPFA,1
YAMGAMYVYR,1
WFVFNFFPIS,0
WRVVGLYKLN,0
YGMLHFFHLV,1
FMVVAMYKHP,0
YFICRPFMYV,0
WGTIGMYVFV,1
YPVGGFFPLI,0
WLVDGFYVFV,1
WLLVRFFHYH,0
WDVCHFFPLG,0
WRNDGFYTFT,1
WLQYGLYVYP,1
FHQLHLFPFT,0
WAADSFYTLD,1
FRVTAMYKIG,0
WYQCNLFAFT,1
WTGLAMYEFS,1
FDNVAFYANV,0
FRHGSFYVLA,0
WQIAGFYTHR,1
FASIGMYAFM,1
WFIVNYYKFD,0
WRDIGLYMLP,0
FRKVNYFAYQ,0
WTVHGLYVFP,0
WFIARYFDLG,0
YCIGGPFANV,0
WIQDAFFTFS,0
WADGAFFQFG,0
FSISALFTLS,0
WRIIGLYEFD,1
WLKVGLFMNQ,0
WNISRSYLHR,0
YTRDGFFENL,0
WENTGFYPYN,0
YNQGGFYTNV,0
WSQSGFYEYM,0
FKGPSMYPFP,0
WYINGFFPYA,1
FYDSNYFPID,0
WQSGGLYVYV,1
YHDCGFFTHR,0
YSQSGSFLHA,0
YHMDSSYDNA,0
YRGNGFYPLT,1
WSLCRLYAFD,1
WTASGFYVFA,0
YSEFGFYLIQ,0
WGGISFYALH,1
WSVCDHYDLV,0
FSMNRYYVLT,0
CGNSGLYALD,1
FRQANFFALG,0
WNSNGFFMLT,1
WTNSSFYAYN,0
WTVNGFYQYQ,0
WYKFGLFALT,0
FRVGGFFLFY,0
WFHLDFFHYQ,0
WSTIGFYEIV,0
WKRDGLYAYA,1
WAKNGMYVFV,1
YPAGALYAFS,1
YANTSYYVFT,0
FGSFGFFPFD,0
WNVGGFYVIL,0
WNIDDSYILN,0
FIMRALFENI,0
YGLSSFYALM,1
WGRYAFFEFR,1
WRLCSPFTIL,0
FVTPSFYMFL,0
WSKIGMYVNV,0
WSVNGYFAYE,0
YVLDNLFAFV,0
FGVDAMFLIT,0
WGTASFYTLD,0
WRVSGPFVIN,0
WLRISMYTFA,1
YPTDGFFTFM,0
YREGNYYELA,0
WNTTGMYQHL,0
FRVSGSYPFS,0
YNPSAMFKIT,0
YNIIHLYNIS,0
FGQTSYYVYD,0
WSDVDFYVYV,0
WKDFGFYAFA,1
YNVAGFFTIS,0
FANNDFYTFP,0
WRMHDYYLFT,0
WIPCAFYTLR,0
WNVPNSFKFA,0
WDHVNYYVFA,0
FALHGFYAHN,0
WKDGSFYQHL,0
WAMDGFYPNE,0
FDDPSFYLLA,0
FRPSALYQNF,0
YSMCHHFALN,0
WTTHAFFVHP,0
FYMFRYFVLD,0
YCDSGHFAHP,0
WDVVNSFDFQ,0
WRPHSFYTIM,0
YEVPGLFKHS,0
WGECRHFILR,0
WSTSGFYAFN,1
FGVRNLFVFK,0
WHKCGMYLFD,1
FTMLGLFPHK,0
WDPCGMFQNT,0
WRTVGFYAFT,1
WCNNSLFVFI,0
WVVDAFFLFA,0
WMLDGFYVLQ,0
YSLCGFFPLL,0
WPVNHSYLFP,0
FSDSSPFANA,0
WGGYAFYEFV,1
WADDGSFAIP,0
WSSGGFYAFV,1
FNESGFYPYA,0
WSDCGHYVNA,0
FRGPGFYTLL,1
WNMDGHYDIR,0
WYKTSHFTFM,0
WANVGLYALD,1
FFNISFFEYV,0
YFVAHLYPYD,0
YQTPGLFQNV,0
WADSGFFANP,0
FPNTDHFPNL,0
WNDSGPFAIK,0
FAGVSMYAYA,1
WGSSSLYEFV,1
YGVGDYFHFE,1
FPQCGYFTFG,0
WMNVAFFLYA,1
WVSCSFYVFI,1
YSGIGFYAIT,1
YLNLNPFLIK,0
WATCGFYALT,1
FHMDGLFELA,1
FTHNSLFPIP,0
WCNIDSFQLM,0
FGGSGFYVFA,1
WAHNGFYAFD,1
WHTYGFYVFH,1
YIVGHPYHNA,0
YNPCGFYVFK,0
FSLIGLYVFM,1
WFQVNLFMHE,0
WINNSMYMIT,0
FTACGFYTFN,1
FRPHGFYQHP,0
FDSYGMFTHP,0
YFDYHSYKYS,0
WAVCNLYLYP,0
WCVVNLYTFD,1
FSQPSPFLHT,0
YSRVAMFMHA,0
WDGGAFFVNS,0
WLEFALFVLR,0
YNVGGFFPFP,0
WQMGSFYVFT,0
WDAGSMYVYT,1
WDQHGLYAIH,0
YLLPSMYVIN,0
FVMVGMYAFG,1
YAEPGLFQLR,0
WSVGAFFEYV,0
YPVDNYFLLG,0
WTHRGFYLFA,0
WLLSDPFVYG,0
YAMIGHYMFG,1
FISYGFFALS,0
YGTYSLYVFP,1
WGLHHPFLYL,0
WAVISYYAFG,0
YADVGFYVHD,1
WAHPSLFILA,1
YPRNALYQYA,0
WIQCSFYTLD,1
FGRIAFFVLG,0
YGTRGFFAFG,1
FLDCGFYAYP,1
WIIFDFYDIE,0
YTRCGMFVHR,0
FRPFSMYEFA,0
WAVYSLYAYD,1
YSHGGFYQYP,0
WLTSGMYVYS,1
FGHHSLFKND,0
WTTPGFYVLD,1
WHNFNLYTYR,0
WHMGDPYMLT,0
YGRSSFYMFV,1
WTKHRHFKNG,0
FRTDSFYEHD,0
WDVAGFFLFA,1
FSSPGFYTHF,0
FGDDGHFAFV,1
YNKPGFYQFD,0
YLVSSFYQFA,1
WADFGFYTYA,1
WAGLSMYEHD,1
WANSNSFPHV,0
WMGVGFYVFG,1
YANGDYYAFL,1
FDEPNLFPFR,0
FSVLHYYLNP,0
WPAFGFYKYI,0
FDMSGPFVYT,0
WAVGSLFQHL,0
WIESNFFTNR,0
WDVYGLYTHV,0
GCHCRFYIFK,0
FCNYGSFVHA,0
WFKSDYYAHD,0
FLNTHHFPFV,1
YFHSGSYNFN,0
YCNASSFKYE,0
WHVGSPFTHA,0
WDESRSYHLP,0
FGHNDSFHFP,0
YSTAGFFPNL,0
YGGIGFYAHT,1
FILIGFYTHS,0
YLLYRHFTHP,0
FFINGHFVFD,1
WAVFGYYPYV,0
YCEPDPFIYH,0
WSVSSPFTLT,0
YHDNALFEFA,1
YGVGSYFNFG,0
WGSCGFYAIT,1
WGIASPFAFV,0
WNNGDHFTHT,0
YLLSSLYKIP,0
WRMFGFYVFI,1
WGVSDFYPNE,0
WYLPDFFVNV,0
WARGGMYVND,1
WHVPAFFLIF,0
WRTPGFFLHP,0
WNEYRSFNLR,0
WGVCSFYMLM,0
YYVDGFYANG,0
YGGNGLYVLL,1
FNVSALFQFD,0
WVNCRLFVNG,0
WHQRAMYTFD,1
FFLGGFFQLA,1
WRIAGSFLHQ,0
FGDIGMYPIA,0
WDMYGLYAID,0
YHVSDYYHNG,0
WAPNGFYVFM,0
FNHSRSFLIV,0
WSDCNFFAFI,1
WLESGFYPLV,0
YGQPGFYANP,1
FAAFALYTFV,1
FSTLSFYTHN,0
WFMVGHYDHA,0
YPQRGSYTIA,0
YMGVGLYTYS,1
FTDGRYFDYN,0
YYDVDSFPYG,0
WPIDSSFHNP,0
WFQCDSYLIV,0
WGTNGLFEHR,0
FARYAMYLFS,0
WNIGNYYAID,0
YLNTHLYALV,1
WHGDGFFKFF,0
YSETDSYVIN,0
FGADSFYAFI,1
FISGAMYAHR,0
FHGSGFYALA,1
WNQNGMFMFR,1
FLTNSMYANT,0
WLDFSMYAFT,1
YGLISSFVNK,0
YSICNPYNLP,0
YGDVNYFVLL,1
FSVGNFFLLG,0
WLHFAFYVFS,0
FVGPAMYMFS,1
FVVNDLFIFP,0
FNGVALFVFG,0
FMNHGMFQYR,1
WHKVSFFTFE,0
WLGSALYENF,0
WDVYGLYTYT,0
WYHSRHFPNL,0
YIQASMYAHD,0
YFKARFFMIP,0
WAPCAFYLFS,0
WGDRNLFAFL,1
FTVRGHYDYG,0
YDLTDHYLNG,0
YKSIVMYEFC,0
WRRCSLYLFP,0
YNLYNFFLHP,0
FIGPGFYTFA,1
WIDVDPYVYD,0
FNNCAFYTFL,0
WSMLRSFDNQ,0
WTICSYYILT,0
WDVFGYFIFT,0
WYETNFYTFD,0
FSIAGLFLLC,0
YINAHYYAFV,1
FNGCGFYAFD,1
WTLNGPFLFS,0
WLAGGFFAHM,0
FAMTHHFAYK,0
WSRSAFFMLR,0
FYQASPYVHL,0
FPITRFYAYN,0
YPPPGLYMNA,1
WIGIGFYAHR,1
YAEGDYYAYG,0
WSRGALYQIS,0
WCMAGYFLHL,0
FRPLGFYELQ,1
SFLFDFFNLL,0
YCMCHSFMNN,0
FGDSAMFQYS,0
WVRFSLYTHI,0
WPGGGMYAFA,1
YDDCHYFTFK,0
YTLHGLFQIT,0
WNICSFFHFE,0
FQKCALFEFS,0
WLICALFQFD,0
WGLDGFYVFA,1
FNHFSLFKIR,0
YMKFGMFVLV,1
YTSSGFYMNH,0
WHDISLYAFA,1
YLPIGLYMYA,0
YIVSGFYPLV,0
YSDASHFPFQ,0
WALGGFYALR,1
FMELAFFMIL,0
WVIPRHYIIP,0
FLNYSHFLLD,0
WTHCHLYTYQ,0
WDMHGFYAFT,1
FIESDFFLFV,0
YLAPGFYKIL,1
FTAHGFYMFD,1
YLLNSLFTLR,1
FVHTGFYVFD,1
FFKFDHYDYV,0
WSEPGFYTND,1
FSLHGFFHFG,1
YHTYGMYLIE,0
WMRGAFFEFD,1
FSVCGLFTFS,0
YGQFSSYHNR,0
FGIPSSYAIG,0
WHADALYQLF,0
YTLLGPFVFA,1
SYKVDYYPIG,0
FYNPRSFAIT,1
YGAVGLFAYA,1
YDMPDFFMFQ,0
FAQFAFYLFL,0
YGVCGFYAFP,1
YTNNSSYNLM,0
YGDVHLYTHV,1
WVRRGFFTNA,0
WLVSGYFVFP,1
FKISSMYQIK,1
WIGYALFTFA,1
WEVVSFYQYT,0
FALNSSFPLL,0
WSARSFYPFA,1
FSGRAFYTYR,0
WLMIGPFALT,0
WDETGFYVLA,0
WGMPGSFVHD,1
WPLTSMYEFA,0
WGEHGPFEFT,0
FHNLDYFLNN,0
FIEHHSYMIA,0
WGHARHFALD,0
FYVFDYFVNG,0
YPEGGMYEFR,0
WPNVGLYVHL,0
YKVPALFPFG,0
WPNNALFMFI,0
FPLTALYPYV,0
YSLIGFFMFI,0
WIRPGFYELA,1
WSGTGFYQFD,1
WRVNGFYELD,1
WFQIDFFMNG,0
WNHHSFYTHK,0
YHTRGFYVYI,0
FLAFAMYVFG,1
WNVPRYFLIR,0
WPINNYFLFA,0
WLKPNSFLIE,0
WTVVHPFPNA,0
FHKLHLFPIP,0
WPEFSSFVFQ,0
YASPGFFQFV,1
YGTVGFYVLH,1
FSDRGFFVHP,0
WENLAFYAFR,1
FCHHHSFHYN,0
WPSYGFYAYG,1
FAQSRFFIYG,0
SSVYYCARSD,0
YDNNAFFTLR,0
YGNNNSFVLM,0
FVMLNPNIHA,0
YGTDGLYANT,0
WGNIGLYALG,1
YALNDFYAFG,1
WRSCSFYLHD,0
FNISALYQHF,0
WNVVHYFMYS,0
WHVVGPYPLS,0
YPGDSLYKHK,0
FDKTGFYAFL,1
WAESGMYPFT,0
FGRHAFYEYG,0
FIHCGLFEFG,0
FGNYDPYPFD,0
FNERSFYENE,0
YDRSGFYMFI,0
FIKCSYFNIP,0
WEAHGLYTFV,1
FDMCSHFPHR,0
WHHHDLYAIV,0
WSDCAMFLLW,0
FRQPGFYALD,1
WETHALYEFR,1
WCLNGYFAFD,0
YDKDHSYTID,0
FLINNFYNFL,0
FNNLSMYPLE,0
WLTVSMYEHI,0
FGLYSFYPFI,1
WNKCGFFMLV,0
WDHTGFFPFL,0
FTLDDFFAIG,0
WSNCGLFMNM,0
WCMSGLYHHE,0
YNVVNSFVLQ,0
YGMRHFFKHV,0
WGDFGFYTFL,1
WAHSSFYVYD,0
WCVDDLFVFV,0
WGNPAMFEIT,0
YAQSGFYALA,1
YAIDNLFAYA,1
YTNISFYTLA,0
WIMPSLYQFD,0
FGLVGFYQYT,1
WAVFGFYTFD,1
WTDRHPFHNM,0
YNSSGFYLLS,0
WLLNSLYMNH,0
WCMINYFTHT,0
WNLTSPYPFQ,0
FKMVAFFELR,0
FSRASFYKIN,0
WHDGHHFIFK,0
WKARAMFLLG,0
WINTSFFAFT,1
FIDTHHFAFK,1
WHAISLYQIP,0
WNVNSLYVFL,1
FSMSGSYAFP,1
FNMSNYFVHP,0
WTGHAMYTYA,0
YLEGALFVIG,1
FTVSDYYPFS,0
WDVVGPFPHN,0
YGGAGMYAIE,1
WSLAGFFVYG,1
WNLSGSYAIE,0
FPVDAFFQFG,0
WGGPGFYLLV,1
WHNPHSFQFG,1
WTECALYMIA,0
WNRYGLYVFV,1
WLLSGMYVFN,1
FVMVALFPLS,0
YCHTNHYLHT,0
WAVCGFYVND,1
WNRCGMYAFD,1
WTGHGLYVFQ,1
FLNDDSYLLL,0
YGVDSFYAFD,1
YFMIDPYAIV,0
YFVVSYFPFQ,0
WQGTGMFKFM,0
WGTGAMYMFP,0
YSLGGFYAFV,1
WPVHGMYVLA,1
WLDAGLYMFQ,1
YNEVRYFLNR,0
YNINGFFVLM,0
YSVSRHFALP,0
WLNARHFTIP,0
WLMGDFFNNP,0
YAKCHLYLFG,0
WRSCGLYAYD,1
WHVISFYTHA,0
WGQGGYYMNM,0
YSVISHFAYG,0
WYMNRFFMIN,0
WGVCGSFIFV,0
YSNTNSFMHP,0
WINHGFYVFL,1
WHNLRLFVFM,0
YCLIRYFAFP,1
FAMRDSFALT,0
FDDADYYLNG,0
WMGIGMFMLL,1
FALHNHFHYR,0
FLQNGFYAFI,1
WGITGFYAYA,1
YTVAAFFTLS,0
YCMCDPYAYG,0
WNDVDSFNLP,0
WTPRGMFVIP,0
FMGVGMFLFL,0
WNDPGHFINA,1
WDVTHYFIFD,0
YPHFHHYTLT,0
YNLFDSFVYG,0
WINFSMYELH,0
YPDAGFYALV,0
WDAFAFYTFS,0
WHGVSMYAIA,0
WLQAGFFPIS,0
FGSSGFYVLL,1
WLLPGFYEYA,1
FVRASFYAHM,0
YMGIGMYPLV,1
WSNFGMYQHP,0
WTHRGIYLFA,0
WDNASSFHLL,0
FYEGDYFVYV,0
FGHCNPYHNT,0
WTQDAFFVFA,1
YATNAFFVYM,0
WHGTGFFPFA,1
WIKGGYYVLG,0
YGLFGFYVLL,1
WPNRDFYTNA,0
WDGCGLYKYC,0
WCLINPYKIR,0
YCVAGPFVFP,0
WGVHSFFVYL,1
WEDLGFYVYN,0
YSNYSFYPLV,0
FVKGRLFVFR,0
YTGAAFFEIP,0
YFIPRYYIHG,0
WAVYGLYAYP,1
FCLFHSFAFM,1
FGMRHHYVYN,0
WGHRGMYQFG,1
WQARALFTLL,0
WGNSGFYMFD,1
WLAFGFFQHF,0
FCHPDLYMNK,0
WNVTRHYPIV,0
FPHRDSFLLM,0
WGSPGMYAYA,1
FSEASLYAFV,1
WGATGLFTFI,1
WYMSGSFNYT,0
LPEEILYTNT,0
FVESSSYAFG,0
FAPASLYPLA,0
FSDHSYFPLA,0
FHNIALFAFF,1
WDEPRFFIYR,1
WYQGGLYELQ,0
WLGCGMYTFA,1
FNSRGMYTYT,0
WAISNHFNYP,0
FHDRHSYIYL,0
WGGAGLYAYV,1
FGNNGHYIFD,0
WLDPSFYVYT,1
WFDAHFYPHE,0
FTMDGFYMLN,0
SSATAFFQLA,0
YALYSHYAHD,0
WLLTAMFLHS,0
WTGCSLYLYD,0
FCMSHHYTFP,0
WDAFGMYMFS,1
WHPLGMYMYT,0
YSVNDPFNIA,0
WSEYGLYPNR,0
YAVCNYYILK,0
FNNASFYLFA,0
WTGHGMYQFD,1
WRAGGMFAFM,1
YLRRSMYPIA,0
WNVVSFYVFM,1
WMMRGFYLLD,0
SSLSRSFILN,0
WDMFDSFDFT,0
FHMSNYFPYD,0
YSHTSSYPFP,0
WHNPSHFAFK,0
FNGSGFFVLR,1
FRPTGMYAFT,0
FGNIGFYVFM,1
WHVCAFFAFR,1
FDVIAMFEFG,0
WLACGFYVYL,1
FVRPGFYVLE,0
WRERNYYAII,0
WVMPGFYQFL,1
WHVFGFYQFV,0
WLQLDSYQHG,0
WGECGFYALD,0
WLVSAFYLHT,0
WGVCAMYTHL,0
YTNNSFYTLP,0
YGAFGFYVNG,1
FGRNSFYALV,0
WYVPRPFTLG,0
FLHLHHFEYN,0
WTSAGMFAFG,1
WINYGMFEIP,0
WCNCNFFENG,0
FGVSHPYVYQ,0
WQPSSFYALP,0
WIPGAFYEFA,0
WKSPGMYEFS,1
FCKYRFFALV,0
FGRASFYPLT,0
WGSCAMYMFD,1
YGNNAMYAYV,1
WVAAGFYVFP,1
WRLSGLYTFA,1
YGNHDSYDLA,0
YMPSGLFKYP,0
WIASGMFVFR,1
YRVINSFPHR,0
WNPPGFYMFR,1
FLIIAFFANW,0
WLILNSYTFK,1
YNVNSSFEIG,0
FDIFNFYLLA,0
WLQFNLFVYN,0
WIANSFYPFV,1
YNAAGFYVFH,1
FGGCGFYPFG,1
WIQFNPFAHA,0
WDVDHPFLYP,0
FYAFAFYAFR,1
WDDSDSFIYD,0
YNVGGFFVFM,0
FTGGSLYQHV,0
WPDASMYVLD,0
WVHRGFFVNP,0
HLHGAMYAFI,0
FGDFAFFAFC,1
WPVCGMYAYA,1
YNECGFYKHV,0
YCKPHSFVFT,0
YRHCGFFMNT,1
FGVNGFYVIC,1
WFEFHSFAFN,1
FDQSHPFAFR,0
WPNAGFYLLC,0
WNLHGYFHHE,0
WGERSSFLFR,0
YCLFDSFLYT,0
WRTLALYPIA,0
FDKPDHFDLV,0
FRDFDPFHFH,0
WSESGMYVIP,0
WVSIGLYPYA,1
WGDFALFPNV,0
YTIVRSYPIP,0
YIIFHLFIFT,0
WDTFAFFVLT,0
WGPVGFYAYF,1
YRDSGFYPIV,0
WIGCAMFPFG,0
WASLGMFENV,0
FGRYGLYPFV,0
FAEYHHFLYA,0
WAIVNFYALM,0
WVHPGLYNHG,1
WIGDGLYVYD,1
YAIDDSYQFQ,0
WRGSGMYEFV,1
YCMDDPYLNA,0
FSNDGHFDIA,0
WSQYHSYTFR,1
YLNSAFFTLV,1
WCLIDFYAFT,1
FRIRGSFAHD,0
WCNDSFYNFL,1
WTIGRLFDNG,0
YQPGGLYAYD,1
FVGCGFYMHI,1
WNGRGMYLHP,0
WLADGLFTFP,0
YDGCGFYVFA,0
WYLPHSFLNA,0
YLRCGLFALL,0
WTASGMYALA,1
WLVRSFFAFA,1
WGVHGYYTYK,1
WSMINHFLYR,0
YSNSHSYHYV,0
YNICGSFDLP,0
YHSFSFYVFD,0
WGNGGFYAHA,1
FGVGDLYIYL,0
WSICSPYHYV,0
FLRYAFFQFA,1
WRTGGLFLFM,0
WPDVNLFMHG,0
FQLDAMFQFT,0
WTLFRPFIIE,0
WLALGFYTIH,0
YASTSFYAYP,1
YYLRRSFNHH,0
YSMSGFFAFT,1
FRNTGFYEND,0
WPNFGFYAYA,1
WRAASFYVLT,1
WIVDHHYNLG,0
WDQCGFYLHA,0
WQGCGMYQFA,1
YSQVNLFPIE,0
FAPFAMFVLL,0
FSKAGFYKFH,0
WPSDGLYPIP,0
YLMYAMFQFA,1
YGSGGFYTLP,1
YAGSAFYMFL,1
FVATGMYAYA,1
FSHGAMFVFW,0
DEVPNLFVIE,0
FTKHGFYLIH,0
YITIALYVNA,0
WGELSSYMYG,0
FSEYDHFPYR,0
FGLCHYYHIA,0
WHVFSFFLFR,1
WRGNGFFAND,1
FSNVGLYAFA,1
FCLCGLFANV,0
WSPSGFYTLE,0
WLGAGLYALT,1
YIGNAFYQFL,1
YGLCDSFHFA,1
FHHSDFFKYD,0
WIINALFPHP,0
FDTASFYAIA,0
WISGSLYVFV,0
WDSNGLYVYI,1
WSDRNYFALL,0
FIMFAMFPYA,0
WLTLSLYQFP,0
YPNAGLYQFA,1
FALNSSFVFA,0
WCVIRHFPLS,0
WRKFGPYLFR,1
FQPDSFYLLP,0
YGGAGFYAFA,1
WLACGLYVLV,1
WPHSAFYVYL,0
WGLCGFYQFL,1
YMGYALFAFM,1
WCVYYHFKIR,0
FYLDNYFLNL,0
YNADAMYLFG,0
FSIVGSYQLT,0
WPACGFYAND,1
WQVLGFFEFD,1
WTLRGLYTHS,0
STDGGFFANC,0
FCVCSLFKND,0
YYHPDFYIYH,0
WDVPGFFEFA,1
YHNVAFYAYI,0
WRGSSLYPYN,0
WMGISFYMFA,1
WEIGGFFTHS,0
FGLSDFYPIH,0
FAQTDFYTHP,0
WSQSAFFVFV,1
WILGGMFAYT,0
FCESRHFPIR,0
YLLCHFFTIR,0
WVMVDSFAHG,0
WRGVAFYTFC,1
FRGTSFYVLH,0
FVKFGLFVIV,0
WDAGAFYAYS,0
WGAYGLYVLD,1
FLQTGLFPFG,1
WHSYAFYVFP,0
FYISNYFEFP,0
YGNCNFFMLP,0
FPLPNHFDYV,0
WGALGMYLFH,0
FGRSGFYAFN,1
YLGVSMYALA,1
WITDGFYAFR,1
FTQPRHYPFK,0
WLTYAMYMFA,1
YALFDFFQNP,0
WMHASFYANE,0
YDVGNPFLII,0
WLEVGFYLYH,0
WYVFNFFLLR,0
WLNHDLYDYR,0
WHHYAMYVIG,0
FSGGALFEHV,0
WTPPSFYVFH,1
WSVPDFYIFR,1
FGLFNHYAIT,0
WDHRSYFVIA,0
WNMCGFFDHP,0
WPLFNPFAIN,0
YRHLSSYIIR,0
YAVTDPCVLD,0
WPVNDFFTHA,0
YRAFAMFEFL,1
WDTVGFYPNN,0
YRMNSMYKIP,0
WAQNDHFQYS,0
WAPYGLYLFM,1
YGQASHYTII,1
YGECSFYTYP,1
YGKLNLFMHE,0
WPHFSFYLYN,0
FIIPDHFTFD,0
FNMFDSYAFG,0
WADNGFYQLR,1
WAKSSFYVND,1
WHGTSFYQYQ,0
YVEDSLYVLG,1
WPRNSLYLYD,1
WRDSNSFLID,0
WAVDSFYKNE,0
FRGSGMYQFA,1
WSLHHPYPHG,0
WYDRDSYVFR,0
WLTVGLYQHD,1
WTSVGFYQIK,0
WTPGGFFVFV,1
WTICSFYVFV,1
WYQSGFYPNH,0
YYKCDLFMLD,0
YAQDDFYNLV,1
YNKCSSYPLA,0
WVLVNYFKIA,0
FGNRGSFEFH,1
FTVPGFYTFW,0
YDVYGMFTNV,0
YADAGFYALM,1
FVGSGMYVLI,1
WRMCGFYAFT,1
YIKFGMFVLV,0
WRLNGLYVFT,1
FSKFGFFLLG,0
YALVGLYEFG,1
YSDSGSFPLD,0
YMASSFYAFT,1
FVGTGLFKLR,0
YCVGDHFEYG,0
WVLVALYAHA,0
WRQVGLYAIT,0
WIIFGHFPNH,0
FGRGSLYALE,1
WSVVGFFANA,1
FTHGNPFTLR,0
WPGFGLYTFD,1
WVESGFYVFK,1
YPTIAFYALT,0
WVGIGLYQFD,1
WNRSGFYALE,0
WGICGMFANR,0
FFMARLYLFL,0
WFMRNSFVHQ,0
WTLVGPFQFA,1
WFDSGLFLYG,0
WTLNALFPIS,0
WIVSALFKYS,0
FGLDRSFAIV,0
YAQYALYPFG,1
YNLSGFYTHP,0
FSVYALYEHR,0
FRTFSLYEYD,0
FMSRAFYPYV,0
WARPGMFLYL,1
WPNFDFFQIQ,0
WCVTHPYAFA,0
WLSIAFYKIV,0
YHVTDPFLYA,0
RRVDGFFLFG,0
WAVTGLFDNT,0
YNVVGFFPFT,0
YADYGFYAYW,0
FKHVSMYAHQ,0
WCDFRFYTHI,0
YRVSVFYIFK,0
WHVCGLFTIR,0
FNINALYTFP,0
YGSCGMFAHP,1
WASHGFYAIP,0
WVRSGFFVFL,1
YDNGDYFDFR,1
FCNHSHFMYP,0
FSLVHSYMNM,0
YTVVGMYMFD,1
WVEAGLFMFT,1
YALGNPYVHH,0
WHLCDFYNLN,0
WHVCDHFMYQ,0
YGHARHFNNM,0
WRGHGLYTFD,1
FYDINLFLYR,0
WHLCGYYAFG,1
FYNISYYPFD,1
WCVFHSFVYD,0
WGLNSLFAFT,0
WAQRGSYVYA,1
WTVSAFFKNP,0
YHTISMYELD,0
FAISHPFILA,0
WIGCGLYEFN,1
WVKDGLFLFT,0
YGQDRHYAYQ,1
WAVSNYFHNG,0
YRSYGFYANA,1
WILFSLYAHI,0
FNKYHHYVYE,0
FVVFSMYVFA,0
WGRDAMFQIR,0
FDICSYYELP,0
FIANGMFQFG,0
WAVSGFFAFG,1
YCHNGLFVYR,0
YFLSSLYPFT,1
FNLGNPYIYK,0
YIRRSFYEHT,0
YMTSAFYTLR,1
FSDFRLFLLI,0
YYVSGYFLNL,0
WSNCSPFLYE,0
YPGDAFYANS,0
FCERHPFLFI,0
YIGIGLYANL,1
YHDVSLFNHI,0
WGMRAFYENI,0
WSEPGFFQIT,0
YFKCDSFTLD,0
WIDYGFYAFD,1
WHHNRFYVLV,0
YMALSLYPNN,0
WCNYHLYVYN,0
WPVSGLYELD,1
YLGYSMYMHP,0
WGNFSFYVII,0
WGNGNLFALL,1
WHSDGFYKLS,0
YASASFYMLK,1
YSNTGFYVFV,0
FDLTSLYKFD,0
WAPFSMYMYP,0
FRTGSFYQIP,0
WASLGMYVYP,1
YDACAFFQFI,1
WIRSGMYVFN,0
WVHGGLFQLV,0
WIDHSPYVIG,0
YFLHHYFLHR,0
FCVTGLYLFD,0
FDVHRFYPHS,0
WHINCFFAYS,0
FLLGGMYAFA,1
WRHPNFYMIM,0
YARCGFYTNV,0
WHLCDLFDLD,0
YFVFSLFMYL,0
FGLIGFYPLE,1
FAMDRLFTFG,0
FNHTSHYPNG,0
YDLCDYYPFQ,0
FTDSSFYQIP,0
FSTRGFFAFP,1
WNSCGFYAYA,1
WCLNSFFEIR,0
WQMYSMYAFP,0
WLRFAMYALF,0
FARCGFYALD,1
FGMANYYPYI,0
WLHCGFYKLS,0
YGGSAFFQFA,1
FRNGDFYLYS,0
YFVISFFAYH,0
WIMSGLYVFL,1
WTQPSLYVFV,1
FGTTGFYVHL,1
YLIFHPYLIN,0
FRDCGFYVHL,0
WQIASMYLNV,1
WANCSHYVNG,0
YPVSNFYEHR,0
WDGAGMYAHA,1
WFNADHYKFN,0
FSVARPFPHT,0
WLTSGFYVYI,1
YIMDDHFPHR,0
WRDFGMFTIS,0
WRVRSFYKHI,0
YLDGDFYAFR,0
WGTPAFYAFL,1
YSVPGYFPFG,0
WVNSDPFTYE,0
WRTPGFFLFV,1
WLLNGLYMHR,1
WGDGSSYAHG,0
WILLALYMNM,0
WNQLGFFTIE,0
YSIGHFFINN,0
WGLAHPFVFL,0
YTVYSLYVIM,0
YLPTSFYMIN,0
YGMYSSYAFL,1
WSACGMYPYE,0
FFMNRFFEIV,0
WSQDDSFTHA,0
WARTGLFKYV,0
FDDGNSFLLR,0
FNSYAMFENL,0
WGRNGFYVYP,1
FLLNSLFVNH,0
FTVSNFFALG,0
YNELGFYLLP,0
WETIGFYPYK,1
YCHPSYYLLI,1
YEARGFFEYI,0
WEGPGFYVHT,1
YHNSSHYPNE,0
WGRFGFYTLV,1
FCHCGLYLHS,0
WDGCGFYTLK,1
WCNVGPFTLE,1
WDESRLFNLR,0
WDLAGFYPLA,0
WDMGSFYKNG,0
WHESHYYAFM,1
WGVCGFFVYE,1
YGDNHSYLNV,0
WGPPGFYELV,1
YNDCAFFAFT,1
WFMNGPFNIV,0
YPMTSLFHNR,0
YAQIAFFMLV,0
WPISRSFVHL,0
WAPRGFYLCA,1
WRIADSYLHR,0
FLVSHFFELE,0
YTKNHSYVYA,0
FYDLNFYVYA,0
YCVCHFYKLL,0
YMVTGLYPYE,0
YGEGGLYQLL,1
FRETSLYPFT,0
WRINNPFTYL,0
YLVYHSYQHA,0
WLKIDPYLIP,0
WSNNSFYPLP,0
WISNGFFVFL,0
WNSTAFYALF,0
WSVFGFYEFA,1
FDISAFYMFP,0
WNNPNHYQHL,0
WNSGAFYTNA,0
WLHDGFYMLH,0
WVVRGFFDFD,1
WPKLGMYKFT,0
YKMFGFYPLS,0
WTPHSLYALH,1
FLGASFYAFA,1
WPTYSFYLYK,1
YHVCHSYLLV,0
FDMCNFFALP,0
FLMTDYFMND,0
FDEDGFYAFA,0
WSAHAFFTYG,0
FTVNGFYAHE,0
YGPTAMFVFV,1
YIIASFYAHD,0
WGMRSLYKLE,0
WRLYSMYQFA,0
YYVGNFYNIG,0
YSNLHHYPHA,0
FTSGGLFPIM,0
FNERDSYTFS,0
YPVCHPFTFQ,1
YKICGLFVIG,0
WSMYGYFAYP,0
YHACAFFAFP,1
WYLRNSFTHM,0
WNKGHPYPLT,0
FLKYGLFTLD,0
WTEDGFFALG,0
FDNPSLFLYV,1
FCKADFYNFK,0
FCVHNPFLIM,0
WYVSHHYLNP,0
YPRGGFYLYT,0
YGPSGFFMFP,1
YAPRALFKIW,0
FSIVHPFDYD,0
FPTCGFYPNH,0
FFKIDYYEYT,0
FTASAFFLFA,0
WGAGAMYVNL,0
WEETGMYAFA,1
WREVAMYALA,0
WNVSHSYLFA,0
WSNGGFYQHV,0
FSLLNSFHLR,0
WITPGMYAFP,1
FYDGHSFANN,0
YHGCGMFMYA,0
YTDSSFYKID,0
WDDCNHFKLS,0
YDEDGFYTIA,0
WPVCGFYVYP,0
FNKCSFYVFT,1
YYQDHSFPLG,0
WRGCGFYQHI,0
WVKIGLYVFP,0
YRHGDLFPLE,0
WSLCGLFLID,0
WLHDSMYPNP,0
WSLSNLFPLQ,0
WADCGFYAFT,1
WPATSMYAFD,1
WYLNSSFPFT,0
WALDRFFLFH,0
FFKGGPFAID,0
WANFSFYEIK,0
WDHFGMFLFS,0
WAISSMYPYD,0
FRMDNHFVLI,0
WANFNLFAFT,1
FVQGSYFTNP,0
FSLRDSYMYI,0
YPVSAMFLIS,0
FRRHSFYTLV,0
WHLHGFFLYD,0
WRVCGFFPLR,0
WYLTHSFNFK,1
WHMCGLFALR,0
WHVCSMYPIE,0
YTVCGYFEHP,0
FRIRAMYPYP,0
YGLFSSYHIM,0
YHTSGFFPLS,0
WPEGGFYVLN,1
FNLRSMYPYT,0
YDIFALFPHL,0
YGMGDHYLNA,0
WRLPSLYTLV,0
FGRGGFYAFC,1
YTMVSYFEYT,0
YLNSHFYPLA,1
FCVTDHFAYG,0
FHIHNSYTIR,0
YSLIALFMHA,0
YLGAGLYQFT,1
WVLYHFYHNQ,0
YIQPDHYAFA,0
YGIYSFYVLA,1
YHDTNSYTFI,1
WGTGSFYAYL,1
YHLNGFYTFT,1
YCVCNSYIIT,0
WSMSGSFAYS,0
WRKFGFYAHV,0
WSLADHYTLR,0
WTEFRPFTID,0
WIEDSMYANE,0
WSNDGFFLFR,0
WDANGFYVYA,1
FVMGHLFAYD,0
WTVRGFFENG,0
FRDSSYYAFD,0
FPHLAMFLFA,0
YRDDALYPNM,0
WNIIRHFMLR,0
WYKNDSYVLG,0
WRHAGFFVYW,0
WMSVGMYQFD,1
WNNFHPFLFA,0
FDQYDHYENL,0
FLVTSFYEIP,0
WGNNDFYALI,1
WCQNDLYMHK,0
WPESRHYDNG,0
YCLAGHFQFA,1
WNDHGFFTLR,1
WVISSFYQIT,0
WCVVGYFLFQ,0
WATVAMYTFM,0
WSHNGFFAFR,1
WLKAGFYTYG,0
FSVNNPYLFV,0
WVMFGFYVYI,0
WGLCGHYAFP,0
FVKCSYFHHD,0
YTSIAFFMLL,0
FLILRYYVIA,0
FPSNAMFEYA,0
FRHFAFYTIR,0
FSERGPYEFR,1
WNIPGMFENA,0
WLVRGMYVFV,1
WNDPSFYVLT,1
FDLASSFLNG,0
WGKDGFYVYT,1
WFNCGYFVLE,0
FADYNLFNIH,0
WLVGSHYVNS,0
YLKNSHFIIQ,0
WGGCGMYTYA,1
YSESHFFAFN,1
FNQVNPFALP,0
WGKTGLYVHA,1
YMVCSFYAHD,0
FSNLNSFNNK,0
WGICALYVHL,1
WMKIGLFALV,0
YTLVRPYMID,0
WLRTGFYTLH,1
YILRGFFAFT,0
WPVLGMYAFV,1
FVVNSLFAYN,0
WGTDGLYAHT,1
FGNYGMYAFA,1
WVVSRSYDFA,1
WGGNAFYTYA,1
WTRPGFFVHT,1
WNPNGFFMIS,0
WGDRGHYHFQ,1
WLSDGFFVFW,0
SSDVHHYLFQ,0
WGVGGLFQHW,0
YNVRGFYALE,0
WRLHAFYPFP,0
WVHCGSFQHD,1
YNSSGFYQLC,0
YLHYSFFAIG,1
WTEDGFYAFD,1
FRTFAFFTNR,0
FNVCGFFVFD,1
WTGYALYVFS,1
YLGCALYQFS,1
YIGAGFYPLK,1
WFELGSYTHR,0
FSRHGFYMID,0
FLILGFYAFP,1
FLDIRHFVFA,0
WSLLHFYLFT,0
WLPHGFYEFG,0
YTGTGFFQFS,1
FGVHGFFMYR,1
YGEVDSYHFG,1
WGMANSYALN,0
WDQDSLYNLR,0
WHAFAFYTYL,1
WHSIGMYTFA,1
WAPIGMFVYV,0
WELCALFMLP,0
WSLLNFYMIR,0
WLADSFYLFN,1
YYINDYYIFI,0
WCHHSHYQFS,1
WRECDSYMIA,0
YTKRHFFPLV,0
WDRASMYMFN,0
WRDCGFFPHI,0
WGKAAFYVFR,0
WSNCNYYPYN,0
FAPGSMYEID,1
WPLNGLYTFA,1
WNDCSFYELV,0
YGKLGFYAYV,1
WGMLGFFENS,0
FLEFDYYQHP,0
YFHIDFYLNR,1
FHDRHFFAFD,0
YSEHRSFVNL,0
YPVCGLFTFP,0
WDVCGMYVFT,0
WRGCGFYALT,1
WHDSSMYVIL,0
FGKSDYFQNP,0
FLIRGSFIFD,1
YLSPGFYKFL,0
WIGVSFYALA,1
FDLSRHFAIT,0
FGRVALYTIS,0
WNIFDYYMFD,0
FNMCRSFVFV,0
FCISDPFIIA,0
WCNPGLYQFD,1
FTNLNYFTHD,0
WSLPGFYVYL,1
WRDFSFYAFN,1
WRDCALFAFV,1
FGLGNYFLIR,0
WPVCGFYMHV,0
WFLFNHFLIE,0
WDVISMYELV,0
WMGTSFYPFN,0
FSAFSFYVFN,0
WIERGFYPHT,0
SQKPSMYAFM,0
WMGGGLYPFQ,1
WRADGFYTFA,1
YSLTRSYTNG,0
FHADGFYLFD,1
FSLLGMYVHD,0
FIEVGLFPHR,0
WPLTGFFTIG,1
FILSNPFNNL,0
FNPSAFFELL,0
WSACGMFMFG,0
FKEPSMYLLT,0
YSQPSFYIHG,1
YIPNGLYAFT,1
YDLCGSFTFV,0
YGHHDFYPLV,1
FSDTNYYHFS,1
YLNSAMYAHS,0
YICTGMYLYV,1
YIQRRYFEFG,0
WLGVSFYPFP,0
FSGSGLYQHE,0
YDIHRYYAYA,0
YHNISFYLLD,0
WSHCHFFKFG,0
FSACGFYVHR,1
WEVLSFYLLD,0
WAAVGLYVLV,1
FHHTGMFVLL,0
WAMCGFFVHR,0
YLDVHSYANL,0
YLVCNHFKIP,0
YGEGNHYMLI,0
YNLSDFYNFP,0
FVMVNPFAFV,0
WLRCSFYAYA,1
YLAPGFFAFG,0
WLLISFYAFT,1
FAKIGLYTFL,1
FVDGGPFAYS,0
WPGNGFYEYD,1
FGPAALFAHL,1
FLTCGMYKHT,0
WSVSNLYTFG,0
FSIISHFTIS,0
WADIGFYTLA,0
FGVAGFFVYA,0
WHQSGLYTFD,1
WRACGLFEFD,1
FYDVDSYIFP,0
WDLTNSFKNR,0
FRADGFYEYM,0
YSMRDSFTHR,0
WGPHAFYALV,0
WIEFGMFAFS,1
WLNCAFYEYS,0
FDECGFYVLS,0
YLHCAMYANG,1
YGHSDLYMFK,0
FADHDSYKIS,0
WSQCRPFTLV,0
WNNLAMYKYM,0
YSMRHPYIIK,0
FDMDDPFKND,0
FIRSGLYVFD,0
YDLPDHYVIG,0
WMAVAFFMFD,0
FIIDGMYEHV,0
FCNSGYFNLR,0
YDRHGMYAIE,0
YKLHAFYKIA,0
WILRGFYAHQ,0
FDMCSFYKFK,0
WSQYDLFDLG,0
YFVRGSYNNI,0
FRNGDYFMHP,0
FHLSHPFKHD,0
YSLTGFYVLF,1
WPMNGFYKYA,0
WRNFGHYDFG,0
WGKCSPYVYV,1
FGMCSFYVFL,1
FSNHSLFAFH,0
FLECAFYQHR,0
FSVNGPFPFT,0
WILAGPYTIP,0
WVHGAFYAFR,0
YVIGGHYMIG,0
WCVVDFFLFL,1
FFNPGFYQFH,1
WNGAGMFPIT,0
WHHGSPYTFS,0
YVENDHFPFG,0
WILASMYALD,0
WDVHGFFPCV,0
YCNCGLYAIR,0
YPESDLYAFP,0
FIVNRFYVYS,0
WSSGGFYMNA,0
WAGSAMYELA,1
FRHHSFYLFD,0
WRRSGLFMIP,0
YAESHPYAYD,1
FGTHAFYLLT,0
WREHGYFPLR,0
YAACGFYTFD,1
FDRYSMYQFK,1
YKGCGFYMYS,0
WTKVSMYMHD,0
FNAHALYPIA,0
FLLCHYYPIT,0
WRADGLYVFV,1
WHVHRYYMIR,0
FAAIGFFPLF,0
FAALGFYEFR,1
FCHLRHFTLS,0
WKTVGMYMFA,1
FREHNFYTIP,0
WESLSFYMFD,0
FVDSDSFMNT,0
WSLFAFFKHG,0
FDKVGHFPLL,0
WSVSGFYAFP,1
WHVGGPYAYR,1
YLPIGFFEFW,0
FPGSAMFQFI,0
WYQCNYFALK,0
FRASSFYMNA,1
YLDPGFYTHT,1
WFMFDYFHHE,0
YPQVRYYTNE,0
WNNFGFYMYR,0
WCLGHFYAYD,1
FGTLSMYQHD,0
WLGCGFYALV,1
WLQFGFYAYS,1
FCVNRHFHIN,0
YFICGHYEYK,0
YRSGGMYANV,0
FRDGRSYTHG,0
FAQLHSFNNR,0
WSESHYYAFV,0
FMDGGMYTNA,0
WGGNGFYAYP,1
YGLCNFYTFQ,0
FGTCGMFKNM,0
YGRCSFYTFT,1
WLRAGFYTFA,1
WMASGFFMFP,0
YGQGGLYANM,1
FGSIGMFAFT,1
WAAFSFYLFK,0
WRRVGFYKNL,0
FGQSSFYMFV,1
FRNPGFFLNM,0
WPVIDSYPYT,0
YTGPAMYVFG,1
FTPAGLFKIL,0
YTNYHLFEHD,0
YTVLNLYVYV,0
WSVDSFYQNP,0
WAESAMYQLA,1
FAAVGFYVLN,1
YDADGLFKLC,0
WMIGGFYMFV,1
FVDTSSYQNH,0
YRTHSFYAFN,1
YCNSNHFPLA,1
WSGPGFYKLM,0
WEVHSLYTID,0
YSGPAFFPIP,0
FGLGSMYEIP,0
YSASGFYVFN,1
WDHVSMYPFN,0
FGGIAFFVFP,1
FRNSSFYPLK,0
WGIPNFYVLE,1
WDDINFYIIR,0
WGNSGLFPFG,1
FCIDNSYMIP,0
WTKDAFFPYT,0
WFESSFYEIR,0
YFVGGLYIHE,0
FPDRRFFVHP,0
FVVYALYLFT,0
WHDAGLYQFA,1
YSEINSYVNV,0
WDALSFYAFN,1
WTPNAFYVFD,1
WRRFGFYELD,1
FVLCSMYVID,0
WLGRGFYTYD,1
FILCNFFTFG,0
WDVTALFKFP,0
FGGNAFYQYA,1
WGPDGMYAHV,1
WDNGHFFVIN,0
FQILGMFLYL,0
YPGPGLYQLV,1
WPETSMYEHL,0
WDAFAFYTIS,0
WNITHLYPHP,0
FRHISSYALR,0
FTKCDYYVLG,0
YCLVNFYTIN,0
FDIGGLYTFP,0
YGMGGMYAHP,1
YLEHSSYEIG,0
WQLPAFFVIR,0
YTLSSHFHNG,0
WAVSGPFHYE,1
YCVCDSFLNE,0
WGGLGFYQHV,1
FPDSDPYENI,0
FAKNRYYDFR,1
YGRVGMFKHG,0
WSSNSFYTFV,0
WSHPDPFHNG,0
YPAGGLYTFI,1
YLKSAFYPIL,0
WLICSFYPYD,0
YRRCGFFQHC,0
WAKDRFFAYA,0
YPKRGMYPIL,0
FVGRGFYEFG,1
YHIISLYAIP,0
WDEGRYFIHT,1
YSNNSHYLND,0
WSPDSFYTFV,1
WSTIALFTFI,0
FYITSPYVYS,0
WCVVRPFQID,0
WVLGGLYVFL,1
WIVDSPYQNR,0
FTTYGFYVYG,1
WFHFDSFVNR,0
WIHPAFYAYL,1
YASTGMYELG,1
FALASYYVFG,1
FVNTSFYKYV,0
YDLNDFYPHG,0
WIDINYFVHG,0
WIVFAFYALR,1
WNKFGLFVFD,0
YTRIGFYVFS,1
WVLNSYFQFR,1
WGIFSHFVLH,0
FGPCGFYMFL,1
YCVLRLFPFQ,0
YTNGGLFEIF,0
SRVCAFFPLV,0
WGINGFYVYV,1
YRVASFYLLD,1
WAQSGFYVYL,1
YTDIGMFTFG,1
FCKSHHYTLS,0
YHLRGPFVFT,1
WGIASMYQYL,1
YRDAGFYAHV,0
WGDFGFFNFG,1
WSIVNHFALS,0
WRMVNYFAFK,0
FNNCAFYAIS,0
YRINHLYIFS,0
WVDRSFFDIR,0
WIMCGSFTIQ,0
FRDNSFYVYN,0
WLMGGMYPYN,0
YLNVAMYAIA,1
WHLCDHFTLA,0
WGVRGPYPFT,1
WTKVGMYEND,0
WDVCGHYQFE,1
WIGRGFYTFD,1
YCEVNHFLLA,0
WFIANHYAID,0
WTHCNSFPIG,0
YDMDGYYPIN,0
YSISRFYKHR,0
WPNANPYQID,0
WHQSSFYAFV,1
YSDHNPFANA,0
WNTHGMYKIA,0
FRLNGFYVFI,1
YHDHRPFTHV,0
YFMPSSFTLV,1
WCVFGLYMYR,1
WPACGMFAIV,0
WAAAGFYQFL,1
WNEFGMYPHV,0
YSQSGLYHFT,1
FRMTDPYVFR,0
YTLCHFFELP,0
WRHPGMYVFD,1
YTGRGMYELD,1
WTHTHYYANA,0
WDSAGMYPNS,0
FNDSGMYMFV,0
WALYRPFAFP,0
YHLHGLYTYI,0
WVVCGFYQHV,0
WGLIGLFQLT,0
YIADGMYTYE,0
WTHSGLYAIP,0
WAACGMYEHE,0
YGPGGFYAII,1
YAHCSLYQYM,0
YAADGFFLFV,1
FSNASFFVFS,0
FLSGSLYMNA,0
WFHVSLYQNE,0
WRINNLYIHL,0
YSQNGYFPFE,0
YCNPHSYANA,1
WRMHGLFPYH,0
WGVCALFPHI,0
YADYRFYVYR,1
FAGCGLYVFA,1
YHVSSFYQHP,0
WALDNPYVFG,0
WCLRGHFAFA,1
FAQCDYFDLG,0
WLDNSSFAYA,0
YRHLGFYAFQ,1
WTQASLYAFT,1
WSDPSFFILN,0
YPQFNSYNLP,0
WCIINPFVLP,0
WGLYAFFELP,0
YTAPGLFVLF,0
FDVCSFYTND,0
FDHCALYANL,0
WPMDSLFILT,0
FLIANPFEYG,0
WFDFNFFPLV,0
YRDNHPFMLH,0
FSKCDYFMFT,0
YNMSRHYPHS,0
FVGGGFYKNE,0
FVLNRYYKLS,0
FLIPSFYAFL,1
FSMNDHFDFR,1
FGRCGLFAYL,1
YAEVGFFMIA,0
WGAAGFYALN,1
FGLCRSFQFV,0
YHPSGFFQYS,0
YPVFSLYQHV,0
FTNCNLFLNR,0
WSMTSSFPFA,0
YHHGALFTIS,0
WANIAFFAHA,1
WDLVGLYVFL,1
FFNHNLFIHT,0
WCVSGPFALR,0
YPMCNFYKNI,0
WFVYSHYVNE,0
WTNRGFYAIS,0
WHQCNHFPFL,0
WAGVGMYMIT,0
YCNAGLYHLA,0
WLTTGLYPNS,0
FNNHGPYVFI,1
WATVGFYVFI,1
WRINGFYAFV,1
WFLGDPFLHQ,0
FHTPGFYVLV,1
YPISSSFANG,0
YNVGSPFNNR,1
FDHIALYQFL,0
WRGCGMYLFV,0
WLMCGFYALA,1
FNTPGFYAHA,0
YIINGYYPFG,1
WPNCSLYTYT,0
YRMGGSYHFA,0
WPTDSFYLFV,0
WKGPGFFELS,1
YSTYSFYVID,0
WRGTGLYEFQ,1
WILGGFFAFD,1
YDNGGFYVLN,0
WIKGSLYEYL,0
FLLNAFFTHR,0
FCQCNYFVHD,0
FRVTAFYTHI,1
YMGISMYVHA,1
YSVCHLYVLS,0
WNNAAFYAYC,1
WDMSSPYTNE,0
FVDSDPFVFK,0
YFNSGLYVYP,0
FTMNHYYEFR,1
WHRNGMYAFD,1
WNMPGLYVYT,1
WYMRNPYAFD,0
FISYGFYEFK,1
FLTDSFYPLD,0
FHKTHPYILE,0
WNDNGFYPFT,1
FGPGGFYTLA,1
WVERRLYNLH,0
WGRFGLFMIW,0
FRRIGLFAYL,0
WSNYGMYTHD,1
FVITHHYPFP,0
FVVGGLYKHT,0
FLASAFYLHR,0
WTAAGFYAFH,1
WFEIGSYVND,0
FYMRRFFDNP,0
WRVAGFFVFD,1
WLKCGMYAFD,1
WHMFHFYINP,1
FNVCGFYAFW,0
WGANSMYVHL,0
FGNPGFYQIQ,0
WADNALYMHL,0
YSGIGFYTNN,1
YFMINFYLYK,0
WLTRGMYVYA,0
FVIDNPYAFD,0
FADCSSYAFT,1
YLKGSMYEHM,1
WLDSGHYALV,0
FSNSDSFKYG,0
WRMPGHYAYR,1
FDQASLFPHR,0
WQNCAFYMLP,0
WVDVGFYMHP,0
YATDAMFMFA,1
FDKCSMYKID,0
WDKSSLYALK,0
WRVAGFYTFK,1
FNETHHFAYR,0
WILDNLYMYR,0
WFEPNFFPIM,0
FGESSFYKNA,0
FQRFGMYPFD,0
YAICNPFTYD,0
YGDPDLYENE,0
YPMINLFNIL,0
WDNRGHFPYP,0
WEERGMYVYP,0
FFVDGLFVHD,0
YPTVGLYAFM,0
SSVRDYYANN,0
FGQCGFYTFR,1
YSLHDPFKNE,0
WKSFSFYVLA,0
WTDCSFFPII,0
FGVVSSYNHR,0
YPHDHLFPYA,0
FGMSGFFMFV,1
WQRGSLYVIN,0
WSLHNYFLID,0
FDLTDHFDNT,0
FDLNNPYLIA,0
WSHYNHYLLV,0
YTTIAFFMFD,0
YLMCHFYVND,1
WIKLSMYEFD,0
YPKCGMFVYA,0
YSQPRPYIHS,0
YDGGGMYAHT,0
WVVSDPFTIQ,0
WSTSAFFEFF,0
SSDLTHSLFD,0
YIIAALFLHR,0
NPELHHFALT,0
WSQVSLFDFT,0
WTPCSLYPLE,0
WVQYGSYLID,0
WGNNGFYTLA,1
WLMGGMYVHP,0
WGLTSMYLYA,0
FRQTSFYEYD,0
SSRLAMYTIF,0
YGLCGYYEHR,0
YCKSHHYVLI,0
WHGDGLYVFD,1
WPVGGFYLFT,1
WVAVGFYAFS,1
WSLCRSFVLN,0
WINFAMYEIL,0
YAPSGFFANA,1
WAECGFYVYQ,1
FFIDHSYPFR,0
YIESSPYAHP,0
YPLSGFYTIT,0
WTECDLFDLP,0
YSNAGFFVFV,0
WGRCGLYMYD,1
FAGIGLFTFV,1
WSDFHHYHYN,0
YPMISLFANH,0
FGEISFYPHH,0
FGGPALYQFA,1
YNVSGPFDHE,0
FVSFGLFAFG,1
FGLSAMYVHP,0
YRQDAMFMYV,0
FHEAGFFAFM,0
WSVCNPFAFN,0
WADFHSYTFA,0
WLRPGMYPYA,1
WNEAGFYPIT,0
FDVCSHFHNV,0
SGDDNHFKFT,0
YSARGFYTYA,1
WPNTAFFTIV,0
YSVFDHFAHM,0
FGVTGFYAHE,0
WIVTGHYDYN,0
YTQCSLFTYI,0
FGRLAFFVFG,0
YATSSFYQFP,0
YRGRGMYQHA,0
YLVSALFPLT,0
YHQFGFYEYP,0
FPICGMLELS,0
YPRVGMYMLT,1
YLGSGMYVHR,0
WCVISHYHHN,0
WIARGFYTFD,1
WDRCGFYVFH,1
STDLGMFKLV,0
FTNISMYTYP,0
WGLSNYYAFA,0
YDRPGFYVIT,0
WHALSLYLFH,0
WGMYHPYLYR,0
WSVIDSYPFL,0
WVPSSFYVLQ,0
WENKYFYDYG,0
WGGFSFYTFL,1
FGIHDHFDLP,0
WLAAGFYTNN,1
YPLSHYYTFG,0
WARCGLYAFP,1
WLESGFYQFV,1
WIGIGFYPYA,1
WFNVDFYVHQ,0
WRVRGMYEYV,0
FHRPSFYAFL,1
YPEGGHFQYQ,0
WRVVGPFPLD,0
WAEYNFFVIS,0
YIDGDSYPIP,0
WFECHFFDFG,0
YSIHDSYTLP,0
FSEHGSYEFD,0
WLPDGMYLFV,0
WFMGNLFVNH,0
FGASGFYMFP,1
FGPDGFYENG,0
YTVNGPYQIG,0
WPGFAMYVFR,1
WGALGFYTID,1
YNITHFYPFV,0
WHVRGMFTLM,0
FYVCGPFKHR,0
YRGRGFFTFT,1
WNESGFYEID,0
YGRTSFYALV,1
WNVCGYFAFV,1
FPNSHSFINS,0
WVKYHHFNFV,0
FMTGGMYVHS,0
FHIIGMYEIP,0
WKEISMYMFD,0
FTSIGFYAFN,1
WCVFGPFVFN,1
FVVLRHYLFP,0
FAASGMYVYT,1
WMNVGMYAFK,1
WYVSRPFHLD,0
WGKNALYLFV,0
YSVGDLYVYR,0
FGVGALFVNS,0
YSIFDSYAHP,0
WLHFNFYIYM,0
YNTYAFFMFT,1
FSDNGLYLNW,0
FINNAFFTIT,0
YRAVGFYTFN,1
YALDRSYMHG,0
YHRYAFYMFT,0
WSNHSYYQFA,1
YLASSLYVNA,1
WGGYAMFVYG,0
YCICNSFLLS,0
FTESGFYAYA,0
FVVSGLYEHR,0
WDLPGFFPYR,0
WDGCAFFKFG,0
FGESAFFMLT,1
WRTNGMYQFI,0
WDHYHFFPID,0
WILDGFFENV,0
WSPAGMYTIR,0
SSLRAEDTYA,0
YNIIAMYTIS,0
FMNLGFFVYV,0
WFHLDHYELM,0
WTPIAFFTFV,0
WERYGLYALQ,0
YSDCNPFVYV,0
FFDFGHYDFA,0
FDQDHYYAFK,0
WRVFGLYTFE,1
YCKYNLFTIR,0
WALSGFYVFQ,1
FDLFSFYPLK,0
WSESAFYAIS,0
WGMVSMYAFN,1
WNVFGFYEIN,0
WIALGMYALL,0
WSNRSMYTLQ,0
YCDCRYFMIG,0
WAMNNYFKFD,0
WAAVGMYVYI,1
YGVGGFYQLD,1
FFECGPFKIR,0
WDEVDFYDYD,0
SSEAGFYPHG,0
YLQNSMYQLA,1
WNGDGFYMFL,1
WAADGFYALA,1
FEVSGFFQNR,0
YGDSGFYKYP,0
WSVNSFYLYE,1
WQPIGLFVLP,0
WHTTGLYEYD,1
YAEVRFYTNN,0
WFKTNPFMIR,0
WHGLSMYTYA,1
WNVVGPFMFD,1
YGTCALYALR,1
FRQNHFFKYN,0
WCVCRHYTLM,0
YGGNGFFTIV,1
WGHCGPFVHL,1
WCVHRSFALD,0
WIRISLYTFL,0
WRGGGFYVHA,1
FSHTSFYTIG,0
YSNCSHYTHA,0
FVMRAMFQFG,1
FSMVGFYKYD,0
FALINFFAHK,0
FRNSSHFKFR,0
YNRDGMYVYD,1
WYNINLYPHM,0
FFMRNLYVNG,0
WVTPGLYVYT,1
WHDPGFYVFH,1
WGIGAFYVHT,1
YTDLHYYALS,1
WMGAGLYAFP,1
WLEPSPFANV,0
FLMHGYFLHT,0
WHVDDYYPLG,0
WMHNSFYPHV,0
WGEYSFYPYV,1
WRMAAMYAFC,0
FLKSGFYAFD,1
WIVGSMYEYA,0
YGGHGFYANI,1
WPGSAMFMHV,0
YGNDAMFPLP,0
YAVDSLFNLT,0
WIGIGMYVHD,1
WPLRGFYAYV,1
FDVPRLYAYG,0
WNQSGFFLLA,0
YPVAGPYTFE,1
FGTSSMYLFD,0
WDVCGLYVLE,1
WCVPDYYVYK,1
WSVLHLFINI,0
WPLRNHFDFK,0
FNLCGFFEFV,0
YGRGAFFTLL,1
WIDSSFYMIE,0
WKNSGFYMFL,0
WSQCSFYVFR,1
YSNISPYIFS,0
WDERGFYPNE,0
YTVIGLYALD,1
WALVGFFTFV,1
WRGFSMYVFD,0
YRGDGMFMHV,0
WCMFRSYVHE,0
WSSPGFFAFT,1
WMTNGLYPNV,0
WVLLSLYALP,0
WHLAHPYLHL,0
YCHPNLFVLR,0
YSVAAFYAHT,0
YDNCSSFVHR,0
FSVRDPYQIL,0
YSVHDPFNIM,0
WVNSDSFNLS,0
WNTGGFYLLT,0
WSGCGFFAYS,1
WGRPGFYQLA,1
FGTSAFFVIL,0
WHVNGYYPFR,0
WMASGMYTFV,1
WYEYRYYQNP,0
FGDCGFYAYL,1
YAGYSMYVFN,0
FHQPGYYPFD,0
WDVCGLYVLI,1
WPLCNLYKLA,0
YNLCHLFNHN,0
YHVCSSFQHG,0
YKTDGLYVFG,0
FTHARSYVLH,0
WHHTGLYANK,0
YHTNGFYVLH,1
FANGGLFPYG,1
WLGDGLFLHS,0
FDVTNPFLFV,0
YRKCAFYQNM,0
YRQHHYFLLA,0
YSTGGLYAFA,1
FKKFGLYLLP,0
FDLGNSFNFK,0
WIVVGLYAHD,1
YDVTHYYPFP,0
FDVNDSFIYT,0
FLIDGFYKLT,0
WLICHHFKFN,0
WRRFSLYQIL,0
WPQYGLYMND,1
WHEDDLYDND,0
YGGPSFYALA,1
FASHSFYVYD,0
FTTSGFYTLN,0
WHLRSFYEFD,1
WALYDYYQFQ,0
FCNSGSFLLR,0
WKDPGFYVHS,0
FLIRSYFVIL,1
WSNPDPFPIL,0
YANGGFYQLT,0
FRDYRSYMFR,0
FSVVGHYPNR,0
WPAAGLYAYD,1
WGQHRPYVFS,0
WAVYGHFEYR,1
FINDGFFELS,0
WFKCNLYDNV,0
YSMGSYFPFN,0
YCMNDFFEHV,0
WTDVAFYQFL,1
WGSHGMFVHA,1
YPLRRHYPYT,0
YQDCGMYKHT,0
WPRTGFYVHA,1
YILNALYPYG,1
WIIDHPFMLP,0
FGLYRHFNLT,0
YNKGNLYIFV,0
FLACGMFPFS,0
WPNNSSYPNG,0
WNKYGLYEIG,0
WDNIDFFVYS,0
YDHCSLFKIL,0
YSVIGFYAIP,0
FNIYALFEHF,0
WVVYGFFDFL,1
WIDLDFYTFQ,0
YQACGFYAHT,0
YLGSAFYMYA,1
WCLVSLFMHR,0
YGACAMFQNL,0
WPMFGHYENH,0
WTSVGFYALE,1
YRQYNHYAHD,0
WYEFDSYQYR,0
FRNGSLFMFD,0
WAENGFFTLD,1
WVGDGFYAFV,1
YLAYSFYANA,1
YGRYAFYVHT,1
YSKNRPYPLD,0
WRMAAMYVFG,0
WGESGMFQLL,1
WCLDDHYLLD,1
YGKGSFYTII,0
WGPGAFFKFP,0
WMRRGMFMNG,0
WGMGGLFKIS,0
FRSSGLYQIP,0
WTSVGMYAFN,1
WGNIAFYKFL,1
WLNIAMFPYS,1
WDACGLYQFL,1
WLACSFYMFP,0
FVKNHPYTLA,0
YYVISPFDHK,0
FLDDGFYAII,0
WIMYGLYVFP,0
WLENAFFVLG,0
WGGDGLYLNV,0
FPQGRSYTFV,0
WFVVSLFPFL,1
FFQCDPFMYP,0
FDNANHFQIM,0
WTDYALFALG,1
YDMVNHYVFS,0
YSHCDLYVYG,1
WVVNSPFPIA,0
FMLIAMYLIC,0
WAVPALFMFD,0
FHNCHYFHFR,0
WHTRSFYALT,1
WGRCAFFAHG,0
FHKCSYYMLP,1
WHVSDSFKFV,0
WTRIGLYPYS,0
WNNCHYYDIQ,0
WCKIGFYQYQ,0
YYIYNYYTLT,0
WAQRSYYAHK,1
WIGSGFYVYR,1
WGIHSLYQHL,0
YLVPGSYPFR,0
WTECGSFLHA,0
SSDYWVLILD,0
WGVIALYAFP,0
WMPSALFLYV,0
WGDINLFALQ,0
WKMSGFYPFQ,0
WGPLALYPIR,0
WGSHSFYPLV,0
WQRFSLYEHL,0
WLRYGFYVHP,1
WGDDALFMIV,0
FSLSGLFEHT,0
YGSCGMYTFA,1
YILCNPFQFG,1
YYNHSFYLND,0
FYVGNFYHFA,0
FRDNRPFPHR,0
FCMHHSFPFV,0
WFMPSLYIHG,1
YNVISMYMID,0
YTLCRPFQHR,0
FPRSGLYPLQ,0
WPPSGFYVLF,1
FGRSALYPIR,0
WDENNPYPFR,0
YTDSAFYMFR,1
WLTVGLYAFI,1
WTPCALFPHW,0
YGNSGMFVHV,1
WEVPGMYLFE,0
WAIAGFYVLL,1
YSNCSSFVLD,0
FLVANLYALG,1
YGKNDSYTHK,0
YHNHRHYTHH,0
YLLLGPFVFL,1
WLQFHLYVYR,0
FIVPRFFALT,0
YTMNSFYLFP,0
WYLPDFFGNV,0
WFNASFFVYD,0
YQGFSFYTHA,1
WPPHSFYEYN,0
WLPVAFFVFF,0
FGAAAFYVFG,1
FGRGAFFVYV,1
WDMSGMFTIM,0
WRKGGMFPFL,0
WPSPSFYTND,1
YFDCGHFVFD,0
YTVDGFYTFA,1
YGPSGFFMYC,1
FCMNHFFTLD,0
YHDRSFYELN,0
WCKLHSYLFP,0
WIDRGFYANV,0
WIGFSFYQNE,0
WYNNDSYQLV,0
WNLCSFYEFD,1
FFNNDLYLFD,0
YGRRAMYQHA,1
FFLRSLYNFD,0
YLMNRYYNIT,0
WSKPDFFTFQ,0
YNSHGFYVYG,1
WRLRGFYVNA,0
FCNCSSFVLT,0
FHVSGLYLFT,0
YCMISLFVYA,1
FPHLRLYIIV,0
WALIHLFAHA,1
WGGVSFYVFA,1
WGPDGLYLFV,1
FVQFAFFTFP,0
FCQSNYFIFR,0
YQTSGLYPHR,0
WSVCSMYPLD,0
WTGCGFYTFV,1
YHNDGLYTYT,0
WNTCAFFMFR,0
FVHCDFYPHG,0
FGMSHPFPIV,0
YLQSGFFKFS,0
WSESSPFTND,0
WDNDSFYMNI,0
WSMAHFFNYI,0
WDESGYYVLK,0
FSNLGYFVFV,0
WIIDHPFIIP,0
WIESGFYVYS,1
YDELDFYPFG,0
YPGCALFPYP,0
YCNYSLYVYG,1
FANTGFYMFA,1
WHHCSFFENM,0
WPAPGFYAYG,1
YLHLGMYEYD,1
WRACGFFPIW,0
YPDLRFFIIA,0
FDRRGFYVIA,0
WRKNNYFLFR,0
FDLGDFFEHV,0
WGNFDPFVNQ,0
YGIYDLYANE,0
YNISAFFMFG,0
FDMSNPFMIP,0
WGTIAFYQFT,1
FNLRNYYMHH,0
YRNFAFFTIF,0
FQALGFYAFA,0
WLGCGMYVFP,1
FAQISFYAFD,1
WDTSALFTYP,0
WNVDDPYTYE,0
WNQDNLYPFT,1
YHKSGFYPFV,1
WDHDGFFAYC,1
FTRNGFYPHV,0
WGVGGFFAFF,1
YYVRHPYVYK,0
FNTGSFYKIT,0
YNKTRFYVFT,1
YGLSGFYAFQ,1
WPLCSFYMFT,1
WVLGNLFDNI,0
WINISFYEFN,0
YMGHSFYMFN,0
WLLSGFYVFK,1
FSMINYFAHK,0
WNVTGFYQFL,0
YLMANFYHIP,0
WRTVGFYKII,0
YFQGGYYVFE,1
WSIGGFFQFD,1
YAHISHFPFH,0
FHLSGMFEFP,0
WRGGGMYTNP,0
FPPCGFYAFR,0
WVQCSLYEID,0
WPGCSLYAIN,0
WPNCALFPLG,0
YPHDHPFVIQ,0
YQDAGFYKNG,0
WHLTNSFELP,0
WGPNGLYVFL,0
WTQAGMYTFG,1
WIMVDSFDHV,0
WDLSRPFNYR,0
WDSNGFFPNI,0
FGAFGMYEHP,0
YILFRSYHLS,0
FDIVRFYTIR,0
WSATSFYKFH,0
YHGGSLYVFA,1
WKGSALYAFW,0
WLMVSFYELN,0
FANDNPFVFN,0
YSKYRLYVFD,0
YFNHGFYIFG,0
WAENSLYVYL,0
WGNASLYANI,0
YSKVGSFDNL,0
FDQSGSFMNH,0
YLECHPYQFV,0
FADCGHFQHN,0
WSIRDYSEIL,0
WISIGMFLHA,0
FSNINFFAFR,0
YSLSGFFLFL,0
FAADGLYQHP,0
FILCNFFHYD,0
WIRGSMYVHD,1
WCLSSLYPHE,0
WAAHSMYAFM,1
YNSCSFYEFN,0
WGNGNYYVNA,0
WLEPDFFKIV,0
FDKTGFYTLP,0
FCPDSMYPLH,0
YREHSLYAFE,1
WLMYGLFHFR,1
YGQYGHYTLT,1
WANIGLYVFW,1
WYDHSSYALD,0
YDHCDSFNIG,0
FMRASFYELA,0
YLGFGFYPLV,1
WMLFSFYTNA,0
WARIAFFVHR,0
WLQSGLYPFA,1
FSQGGFYIFR,0
FILVSMYMFH,0
WGNVRSYTNA,0
WMSPGFFAYR,1
SSSTASTSIT,0
FNDDGFYPHQ,0
YLMAGFFDHM,0
FSRPGFYTFN,1
WGNGSFYVHV,0
WELPGFFTNL,0
FGVLGLYAHT,0
WVQNGMYALR,0
YGADGFYAIV,1
WIRFSFYKIQ,0
FRMFGFYQHG,0
WINCGSYVFH,1
FAGSGMYAFS,1
WRPRAFFTLA,0
FCVDDPFANI,0
FNVGGFFLLT,1
YAVGDAFNYT,0
FCLINFYDYK,0
WTGTGFYEFT,1
YDEPHYFLHM,0
FHQSAMYVFL,0
WVGIGMYALT,1
WLQTSYFVLQ,0
WHMNRYFNLS,0
WASGGLYVYA,1
FIMIRPFLYP,0
FVMCSFFAHR,0
WALVDPFPFG,0
WLNRDSYLFS,0
WLRCGLYAFR,1
WHEYGFFQYH,0
WDVSGFYQFT,1
WNENNHFALT,0
WRKCHSYAIV,0
WQLSAMYQLP,0
YGDNSMYAHH,1
WDQAAFFLHR,0
WGPYGLYEHA,0
WIHVGMYLNA,0
WLISGFYLFP,0
FRVHSFYENV,0
WLRGAMFVHS,0
WGKCNHYVID,0
WPVGSFYQYM,0
WGVSSFYAYD,1
WEGLGLYTFV,1
WGAPGFYVFI,1
FSDDSLYTFH,0
WSASGFFVHV,0
WGSCGLYAIH,0
YEVSAFFTFV,0
YDDHSLFMLM,0
WSVNGFYVFQ,1
WIEGGFYVID,0
YRKASHYDLT,0
WSVHRHFIIR,0
WLRHGFYAFA,1
WYHFSLYTHV,0
FRQAGPYKNH,0
YPDVRHFNLL,0
YRGDGFYTFN,1
FGPVGLYTNP,0
FPDIDFFNIT,0
WCHRHSFEYD,0
YHDVRYYDLG,0
FGSFSMYLNV,0
WLQSGHYIVD,1
YTDNNPFQLW,0
YHNHGFFQNR,0
FDMIGFFPHM,0
YNVGSMYANA,0
WLERRFYHFK,0
FANCSFYMFK,0
WRQVAMFENL,1
WPMCRPYENM,0
WGQCGFYPIH,0
YGVDGFFQNP,0
FLDDSHFVLA,0
WDNVSMYTFL,0
WPPFSMYTNE,0
YSLRHPFVIV,0
YRRIGFYVFD,1
YLELGLYTLS,0
WKESSLYAFM,1
FLLRALFPIS,0
FPGHGFFTHI,0
YGPFGFYVFP,1
YADTHSFDFD,0
WVVCDLFLIP,0
WLGGGLFQLR,1
FYLYDHYHIK,0
WYMTGLYQHH,0
WDAFGFYTFL,1
YSIHSPFAIQ,0
FGTNGFYTFT,1
WSIPSLYAYG,1
WIIFGMYVFT,0
FMRHSMYQYQ,0
FFLCRPFKFN,0
WAVFGFYEHV,0
WSQNGFYQHL,0
SSEDLPFNFI,0
FIITGFYKFS,0
YGHLDPYVNK,0
FYLTSSFVFD,0
WAKGSMYALA,0
YGVNGFFTIA,0
YSIIAFFTYS,0
FGAAGFFAYR,1
YSNDNPYLHA,0
YLGRSFYAFL,1
WRVFGPFEYL,0
FGMRSHFPLD,0
WGNGSLYMHV,0
YPMISFYMYA,0
YLIEHFYTHR,0
YIKNNLYKHR,0
YLAPAMYELL,0
FNEISMYLFL,0
SYIFNHFKLD,0
WLEFGHYHHG,0
WRMYGLFAFA,1
YGDTHFFKIL,0
YAVLNFYHIR,0
WGECNYFPLL,1
FSLVGMFTNT,0
YLNAGFFAYM,1
WLNGNLYLHR,0
FPSYAFYAFI,1
FVSIGMFAHG,1
WIENHHFEYT,0
YTLSGMFLYA,0
FSMPAFYMHR,0
YFNYNFFPFQ,0
WDRCSFYTHK,0
WGEARLFPFR,0
WVQDHLFALA,1
WGTPAFFKNW,0
WYDPHSYQFK,0
WRAGGFYTFH,1
WCIGHLFALP,0
WGACGFFMFS,1
WINGALFTLG,0
WGESHFYPYK,1
YAADGFYMFA,1
YSLVRHFEFK,0
FRNCGFYENT,0
WVTGAFYLYA,0
WSNCDLYLYK,0
WRNGHLFVNT,0
FGHADSYNHR,1
YPGAGFFVHL,1
WSMPGSFVHD,1
WPEYNSFLHL,0
WDTVSMYTFN,0
YIGTGFYMNA,1
FLEDDFYNYE,0
WAKSSFFMLL,0
YGLSGMYKLR,0
FGLPAMFVIA,0
FTVIGFFAFT,0
FVVDGSFALS,0
WGGDGFFTNL,0
WGLNGFYVIV,0
WHHFSLYMYD,0
WGSGGFFQNC,0
WLNCSHYPNI,0
WDLNGLFVNA,0
WPHDGYFLHH,0
WMPGALFLNV,0
WYHPHYYHFQ,1
FGMLSFYQNR,0
YTDCAFYQLA,1
WANRSLYMLL,1
WHNLNSFKHG,0
FCVAGSFANR,0
WIGLAMFKNI,0
YIELDLFLYR,0
YGPGGFYTHT,1
WGATAFFLIL,0
FTNDNFYMIR,0
FLQRNLFANM,0
LLHDAMYPNT,0
WLNYNSFHIR,0
WDLCNFYAFT,0
WRLCRYYNHR,0
FGMCGLYTFP,1
WGVCGFYQFT,1
WGQDGMFVYV,1
WGTSSMYLFH,0
WPMCSHFLYS,0
WDPSGLFTYS,0
WFVNGSFPNQ,0
YSPFAMYPHR,0
WSEDGSFDFR,0
WSIARLFQHP,0
YYLFRHFHLN,0
FNPSGFYLYP,0
FHNDSHFNHT,0
YPMCGFFMHF,0
WGHNGLYQFL,1
WDHDGFYAFI,1
FTTLSLYPII,0
WTMGNSYIHA,0
YFEGSFYQHA,0
YHKVGFFVNW,0
WADSSFFVFR,1
FVTSALFEIP,0
WVQISYFAYL,0
WTNSSMYENT,0
FIKAGLYVFP,0
YADPSFYAYM,1
WSMFRPYLIH,0
WLRNGLYVFI,1
WPESAFFQIM,0
FDQDSFYLYP,0
WVEHNSFVND,0
WGGCAFFQFA,1
WSVVSFYVFT,0
YNNCGFFTFL,1
WPLLAMFTIV,0
WGHHSLYKHV,0
WDGCAFYTHV,0
FMNHGFYMHD,0
YATTAMYQHV,0
YNIFGLYNIL,0
WAKGGSFVFT,0
FLACGFYVLP,0
YSATAMFAYF,0
FIHFAFFAYT,0
FLRSAFFLNP,0
YDMVRYFALQ,0
WIVCRFFNFK,1
WMISSMYVYP,0
WVNNGMFVLI,0
WTPSGFFKLV,0
FGGYGMFVFS,1
FRTIGFYQLD,1
FELRGFFEHG,0
YIKPDSYAHA,0
WGGHGFYAMD,1
WPHDGMYEND,1
FYDISSYPFQ,0
YHKTNSFVLT,0
WNNDGMYKFN,0
YPDSSSYTLT,0
FAMYDPYIFT,0
YCDHHLYAHA,1
YAVDSHYMFS,0
WSLNSHFVFN,0
WLDARLFILK,0
WNGASMYPYH,0
YHNYDLFTHE,0
YFKPGHFLYI,0
YCMGDLYAIP,0
WGRFSFYVLL,1
YSLCGFYVYT,0
YLLTGMFQFD,0
WFNAHPYVYR,0
YHKGAFYAHR,0
WREYGLYVFT,1
FGLTGFYKFD,0
YLADGFYMFV,1
WCLDNFYAFV,1
WLLNNLFALQ,0
FVRFSFYQFA,0
WLLYSFYAFP,1
FGGASFYVLH,1
FRDGGFFPNL,0
WAHDNLFLHQ,0
WLIRGFFPFR,1
YCNCHLYTIL,0
FAAGGFYMFP,0
WISLSLYALP,1
WFKPSSFALG,0
WTDVDLFNFT,0
YIRSSFYTIN,0
FLTSALYMLA,0
FTERSFYAFT,0
FRAGGMYENL,0
WSTYGFYAYA,1
WSIINYFKHI,0
YGKASFFVNT,0
WLGTAFYVNA,1
FSNASMYQLT,0
YADCSLYAIA,1
WNSTGFYKNV,0
FGEDGMYPYD,0
WTQVGLYVHD,1
FRRIAFFKYL,0
WSLCDLYLIK,0
WDAAAFFAFA,0
WGESRFYTFV,0
WRTIGMYAFS,1
YRDISMYEIE,0
WTPCAFYKYR,0
YTRRAFFEIP,0
WSQASHYPIL,0
WGPPGMYLFL,1
WGQNGFYAFE,1
WTICGLYPHN,0
YDGTGLYMFA,1
WRGGGFYLFV,0
YLRDGFYMFG,1
FLQNHPYMYQ,0
WLTIGFYAID,1
YAGSGFFAYF,1
YGVDGFYVHT,1
WMNCNFYQLD,1
WNPYAMYVII,0
WFIASSYVNK,0
WHLRSFYAIK,0
FGDDHFFENT,0
WALYSFYPHT,0
WHVSHFYDYG,0
WSHCSFYIHN,0
YISGAFYPFV,1
WLMYTLYELD,0
FVKLHSYKIP,0
FAGFGFYLNV,0
YHNFSLYTIA,0
FHSFALFKHS,0
FTMYDSFNFD,0
YGKYGSYNIT,0
WDDDGPYNNL,0
WLRRGFYVLH,1
YSGAGFYMYV,0
FHPHGFFTFT,0
WATYGFYANT,1
WAMGDSFQFM,0
WHIDGLFPLS,0
WTLPGFFEHW,0
YGRLGLYAHT,1
WSMNSMYPFQ,0
FAHPSFYPLD,0
WGMYSFYVYP,1
FNIRGFFAYR,0
WHAAAFFKYW,0
WLITSMYQFE,1
FRMIALYKNR,0
WAGLGMYLFA,1
YGVLGFYTHM,0
FGIGGLYTFP,0
FLLSSFFHIM,0
YSMNNSFQIP,0
WRLSDPFPII,0
FVRVSFYKIP,0
WNAGALYKYS,0
WDLAGFYVYP,0
WDPCGMFVIS,0
YSMRNLFHLL,0
WEQPGMYVNL,0
WCVDSPYAYL,0
WCLFNLYLHG,0
WMASAMFQFD,1
WDVFHSFQIP,0
YFMCGSFHHA,0
FIQSGFYKYS,0
FPTYAFFVLT,0
FHECRFYDHH,0
WRMRRPYVLM,0
FAPSGFFVFD,0
FQRFAMYPIR,0
WSTCGFYTFK,1
WGPGGMYPFI,1
FPRTGFYAFP,0
WPVGGFFVFH,1
WYQTDSFHNA,0
FNGCALYTFG,0
FNVRRHFKYT,0
WTRFAFYMNM,0
WTGGSMYPLI,0
YGNIGFYPFV,1
YPRSAFYANR,0
YGGAGLYVHP,1